ticket,order,time,time_msc,type,entry,magic,position_id,reason,volume,price,commission,swap,profit,fee,symbol,comment,external_id,balance
1,0,1767214800,1767214800000,2,0,0,0,,,,0.0,0.0,0.0,0.0,,,,1000.0
2,0,1767214800,1767214800000,2,0,0,0,,,,0.0,0.0,0.0,0.0,,,,1000.0
3,1,1767214800,1767214800000,0,0,10012026,1,5.0,0.01,1.17376,0.0,0.0,0.0,0.0,EURUSD,Tester buy,0,1000.0
4,2,1767214800,1767214800000,1,0,10012026,2,5.0,0.01,1.17376,0.0,0.0,0.0,0.0,EURUSD,Tester sell,0,1000.0
5,3,1767587820,1767587820000,0,1,0,2,5.0,0.01,1.16869,-0.2,0.0,5.07,0.0,EURUSD,TP hit,0,1004.87
6,4,1767587820,1767587820000,1,0,10012026,3,5.0,0.01,1.16869,0.0,0.0,0.0,0.0,EURUSD,Tester sell,0,1004.87
7,5,1767625440,1767625440000,1,1,0,1,5.0,0.01,1.1666400000000001,-0.2,0.0,-7.12,0.0,EURUSD,SL hit,0,997.55
8,6,1767625440,1767625440000,0,0,10012026,4,5.0,0.02,1.1666400000000001,0.0,0.0,0.0,0.0,EURUSD,Tester buy,0,997.55
9,7,1767637980,1767637980000,1,1,0,4,5.0,0.02,1.17166,-0.2,0.0,10.04,0.0,EURUSD,TP hit,0,1007.39
10,8,1767637980,1767637980000,0,0,10012026,5,5.0,0.01,1.17166,0.0,0.0,0.0,0.0,EURUSD,Tester buy,0,1007.39
11,9,1767900660,1767900660000,1,1,0,5,5.0,0.01,1.16466,-0.2,0.0,-7.0,0.0,EURUSD,SL hit,0,1000.1899999999999
12,10,1767900660,1767900660000,0,0,10012026,6,5.0,0.02,1.16466,0.0,0.0,0.0,0.0,EURUSD,Tester buy,0,1000.1899999999999
13,11,1767975960,1767975960000,0,1,0,3,5.0,0.01,1.1636199999999999,-0.2,0.0,5.07,0.0,EURUSD,TP hit,0,1005.06
14,12,1767975960,1767975960000,1,0,10012026,7,5.0,0.01,1.1636199999999999,0.0,0.0,0.0,0.0,EURUSD,Tester sell,0,1005.06
15,13,1768232820,1768232820000,1,1,0,6,5.0,0.02,1.16968,-0.2,0.0,10.04,0.0,EURUSD,TP hit,0,1014.9
16,14,1768232820,1768232820000,0,0,10012026,8,5.0,0.01,1.16968,0.0,0.0,0.0,0.0,EURUSD,Tester buy,0,1014.9
17,15,1768488900,1768488900000,1,1,0,8,5.0,0.01,1.16254,-0.2,0.0,-7.14,0.0,EURUSD,SL hit,0,1007.56
18,16,1768488900,1768488900000,0,0,10012026,9,5.0,0.02,1.16254,0.0,0.0,0.0,0.0,EURUSD,Tester buy,0,1007.56
19,17,1768780800,1768780800000,0,1,0,7,5.0,0.01,1.15852,-0.2,0.0,5.1,0.0,EURUSD,TP hit,0,1012.4599999999999
20,18,1768780800,1768780800000,1,0,10012026,10,5.0,0.01,1.15818,0.0,0.0,0.0,0.0,EURUSD,Tester sell,0,1012.4599999999999
21,19,1768886580,1768886580000,0,1,0,10,5.0,0.01,1.16529,-0.2,0.0,-7.11,0.0,EURUSD,SL hit,0,1005.15
22,20,1768886580,1768886580000,1,0,10012026,11,5.0,0.02,1.16529,0.0,0.0,0.0,0.0,EURUSD,Tester sell,0,1005.15
23,21,1768900980,1768900980000,1,1,0,9,5.0,0.02,1.16764,-0.2,0.0,10.2,0.0,EURUSD,TP hit,0,1015.15
24,22,1768900980,1768900980000,0,0,10012026,12,5.0,0.01,1.16764,0.0,0.0,0.0,0.0,EURUSD,Tester buy,0,1015.15
25,23,1768907220,1768907220000,0,1,0,11,5.0,0.02,1.17258,-0.2,0.0,-14.58,0.0,EURUSD,SL hit,0,1000.37
26,24,1768907220,1768907220000,1,0,10012026,13,5.0,0.04,1.17258,0.0,0.0,0.0,0.0,EURUSD,Tester sell,0,1000.37
27,25,1768908600,1768908600000,1,1,0,12,5.0,0.01,1.1727400000000001,-0.2,0.0,5.1,0.0,EURUSD,TP hit,0,1005.27
28,26,1768908600,1768908600000,0,0,10012026,14,5.0,0.01,1.1727400000000001,0.0,0.0,0.0,0.0,EURUSD,Tester buy,0,1005.27
29,27,1769045400,1769045400000,0,1,0,13,5.0,0.04,1.16755,-0.2,0.0,20.12,0.0,EURUSD,TP hit,0,1025.19
30,28,1769045400,1769045400000,1,0,10012026,15,5.0,0.01,1.16755,0.0,0.0,0.0,0.0,EURUSD,Tester sell,0,1025.19
31,29,1769105820,1769105820000,0,1,0,15,5.0,0.01,1.17455,-0.2,0.0,-7.0,0.0,EURUSD,SL hit,0,1017.99
32,30,1769105820,1769105820000,1,0,10012026,16,5.0,0.02,1.17455,0.0,0.0,0.0,0.0,EURUSD,Tester sell,0,1017.99
33,31,1769195280,1769195280000,1,1,0,14,5.0,0.01,1.17792,-0.2,0.0,5.18,0.0,EURUSD,TP hit,0,1022.97
34,32,1769195280,1769195280000,0,0,10012026,17,5.0,0.01,1.17792,0.0,0.0,0.0,0.0,EURUSD,Tester buy,0,1022.97
35,33,1769206440,1769206440000,0,1,0,16,5.0,0.02,1.18158,-0.2,0.0,-14.06,0.0,EURUSD,SL hit,0,1008.71
36,34,1769206440,1769206440000,1,0,10012026,18,5.0,0.04,1.18158,0.0,0.0,0.0,0.0,EURUSD,Tester sell,0,1008.71
37,35,1769209680,1769209680000,1,1,0,17,5.0,0.01,1.18313,-0.2,0.0,5.21,0.0,EURUSD,TP hit,0,1013.72
38,36,1769209680,1769209680000,0,0,10012026,19,5.0,0.01,1.18313,0.0,0.0,0.0,0.0,EURUSD,Tester buy,0,1013.72
39,37,1769388780,1769388780000,1,1,0,19,5.0,0.01,1.18847,-0.2,0.0,5.34,0.0,EURUSD,TP hit,0,1018.86
40,38,1769388780,1769388780000,0,1,0,18,5.0,0.04,1.18869,-0.2,0.0,-28.44,0.0,EURUSD,SL hit,0,990.22
41,39,1769388780,1769388780000,0,0,10012026,20,5.0,0.08,1.18869,0.0,0.0,0.0,0.0,EURUSD,Tester buy,0,990.22
42,40,1769388780,1769388780000,1,0,10012026,21,5.0,0.08,1.18847,0.0,0.0,0.0,0.0,EURUSD,Tester sell,0,990.22
43,41,1769526060,1769526060000,1,1,0,20,5.0,0.08,1.19374,-0.2,0.0,40.4,0.0,EURUSD,TP hit,0,1030.42
44,42,1769526060,1769526060000,0,0,10012026,22,5.0,0.01,1.19374,0.0,0.0,0.0,0.0,EURUSD,Tester buy,0,1030.42
45,43,1769533380,1769533380000,0,1,0,21,5.0,0.08,1.19581,-0.2,0.0,-58.72,0.0,EURUSD,SL hit,0,971.5000000000001
46,44,1769533380,1769533380000,1,0,10012026,23,5.0,0.16,1.19581,0.0,0.0,0.0,0.0,EURUSD,Tester sell,0,971.5000000000001
47,45,1769539440,1769539440000,1,1,0,22,5.0,0.01,1.19876,-0.2,0.0,5.02,0.0,EURUSD,TP hit,0,976.3200000000002
48,46,1769539440,1769539440000,0,0,10012026,24,5.0,0.01,1.19876,0.0,0.0,0.0,0.0,EURUSD,Tester buy,0,976.3200000000002
49,47,1769554020,1769554020000,0,1,0,23,5.0,0.16,1.2032,-0.2,0.0,-118.24,0.0,EURUSD,SL hit,0,857.8800000000001
50,48,1769554020,1769554020000,1,0,10012026,25,5.0,0.32,1.2032,0.0,0.0,0.0,0.0,EURUSD,Tester sell,0,857.8800000000001
51,49,1769554080,1769554080000,1,1,0,24,5.0,0.01,1.20758,-0.2,0.0,8.82,0.0,EURUSD,TP hit,0,866.5000000000001
52,50,1769554080,1769554080000,0,0,10012026,26,5.0,0.01,1.20758,0.0,0.0,0.0,0.0,EURUSD,Tester buy,0,866.5000000000001
53,51,1769570340,1769570340000,1,1,0,26,5.0,0.01,1.20058,-0.2,0.0,-7.0,0.0,EURUSD,SL hit,0,859.3000000000001
54,52,1769570340,1769570340000,0,0,10012026,27,5.0,0.02,1.20058,0.0,0.0,0.0,0.0,EURUSD,Tester buy,0,859.3000000000001
55,53,1769583720,1769583720000,0,1,0,25,5.0,0.32,1.19766,-0.2,0.0,177.28,0.0,EURUSD,TP hit,0,1036.38
56,54,1769583720,1769583720000,1,0,10012026,28,5.0,0.01,1.19766,0.0,0.0,0.0,0.0,EURUSD,Tester sell,0,1036.38
57,55,1769620080,1769620080000,1,1,0,27,5.0,0.02,1.1934,-0.2,0.0,-14.36,0.0,EURUSD,SL hit,0,1021.8200000000002
58,56,1769620080,1769620080000,0,0,10012026,29,5.0,0.04,1.1934,0.0,0.0,0.0,0.0,EURUSD,Tester buy,0,1021.8200000000002
59,57,1769625000,1769625000000,0,1,0,28,5.0,0.01,1.19249,-0.2,0.0,5.17,0.0,EURUSD,TP hit,0,1026.7900000000002
60,58,1769625000,1769625000000,1,0,10012026,30,5.0,0.01,1.19249,0.0,0.0,0.0,0.0,EURUSD,Tester sell,0,1026.7900000000002
61,59,1769666100,1769666100000,1,1,0,29,5.0,0.04,1.19841,-0.2,0.0,20.04,0.0,EURUSD,TP hit,0,1046.63
62,60,1769666100,1769666100000,0,0,10012026,31,5.0,0.01,1.19841,0.0,0.0,0.0,0.0,EURUSD,Tester buy,0,1046.63
63,61,1769677380,1769677380000,0,1,0,30,5.0,0.01,1.19959,-0.2,0.0,-7.1,0.0,EURUSD,SL hit,0,1039.3300000000002
64,62,1769677380,1769677380000,1,0,10012026,32,5.0,0.02,1.19959,0.0,0.0,0.0,0.0,EURUSD,Tester sell,0,1039.3300000000002
65,63,1769690760,1769690760000,0,1,0,32,5.0,0.02,1.19436,-0.2,0.0,10.46,0.0,EURUSD,TP hit,0,1049.5900000000001
66,64,1769690760,1769690760000,1,0,10012026,33,5.0,0.01,1.19436,0.0,0.0,0.0,0.0,EURUSD,Tester sell,0,1049.5900000000001
67,65,1769707560,1769707560000,1,1,0,31,5.0,0.01,1.19134,-0.2,0.0,-7.07,0.0,EURUSD,SL hit,0,1042.3200000000002
68,66,1769707560,1769707560000,0,0,10012026,34,5.0,0.02,1.19134,0.0,0.0,0.0,0.0,EURUSD,Tester buy,0,1042.3200000000002
69,67,1769719140,1769719140000,1,1,0,34,5.0,0.02,1.19635,-0.2,0.0,10.02,0.0,EURUSD,TP hit,0,1052.14
70,68,1769719140,1769719140000,0,0,10012026,35,5.0,0.01,1.19635,0.0,0.0,0.0,0.0,EURUSD,Tester buy,0,1052.14
71,69,1769792580,1769792580000,1,1,0,35,5.0,0.01,1.18912,-0.2,0.0,-7.23,0.0,EURUSD,SL hit,0,1044.71
72,70,1769792580,1769792580000,0,1,0,33,5.0,0.01,1.18913,-0.2,0.0,5.23,0.0,EURUSD,TP hit,0,1049.74
73,71,1769792580,1769792580000,0,0,10012026,36,5.0,0.01,1.18913,0.0,0.0,0.0,0.0,EURUSD,Tester buy,0,1049.74
74,72,1769792580,1769792580000,1,0,10012026,37,5.0,0.01,1.18912,0.0,0.0,0.0,0.0,EURUSD,Tester sell,0,1049.74
75,73,1769994540,1769994540000,0,1,0,37,5.0,0.01,1.18411,-0.2,0.0,5.01,0.0,EURUSD,TP hit,0,1054.55
76,74,1769994540,1769994540000,1,0,10012026,38,5.0,0.01,1.18411,0.0,0.0,0.0,0.0,EURUSD,Tester sell,0,1054.55
77,75,1770046500,1770046500000,1,1,0,36,5.0,0.01,1.1821,-0.2,0.0,-7.03,0.0,EURUSD,SL hit,0,1047.32
78,76,1770046500,1770046500000,0,0,10012026,39,5.0,0.02,1.1821,0.0,0.0,0.0,0.0,EURUSD,Tester buy,0,1047.32
79,77,1770055080,1770055080000,0,1,0,38,4.0,0.01,1.17911,-0.2,0.0,5.0,0.0,EURUSD,TP hit,0,1052.12
80,78,1770055080,1770055080000,1,0,10012026,40,5.0,0.01,1.17911,0.0,0.0,0.0,0.0,EURUSD,Tester sell,0,1052.12
81,79,1770631440,1770631440000,0,1,0,40,5.0,0.01,1.18614,-0.2,0.0,-7.03,0.0,EURUSD,SL hit,0,1044.8899999999999
82,80,1770631440,1770631440000,1,0,10012026,41,5.0,0.02,1.18614,0.0,0.0,0.0,0.0,EURUSD,Tester sell,0,1044.8899999999999
83,81,1770645300,1770645300000,1,1,0,39,5.0,0.02,1.18713,-0.2,0.0,10.06,0.0,EURUSD,TP hit,0,1054.7499999999998
84,82,1770645300,1770645300000,0,0,10012026,42,5.0,0.01,1.18713,0.0,0.0,0.0,0.0,EURUSD,Tester buy,0,1054.7499999999998
85,83,1770656400,1770656400000,1,1,0,42,5.0,0.01,1.1926,-0.2,0.0,5.47,0.0,EURUSD,TP hit,0,1060.0199999999998
86,84,1770656400,1770656400000,0,0,10012026,43,5.0,0.01,1.1926,0.0,0.0,0.0,0.0,EURUSD,Tester buy,0,1060.0199999999998
87,85,1770823800,1770823800000,1,1,0,43,5.0,0.01,1.18452,-0.2,0.0,-8.08,0.0,EURUSD,SL hit,0,1051.7399999999998
88,86,1770823800,1770823800000,0,0,10012026,44,5.0,0.02,1.18452,0.0,0.0,0.0,0.0,EURUSD,Tester buy,0,1051.7399999999998
89,87,1771349100,1771349100000,0,1,0,41,4.0,0.02,1.18114,-0.2,0.0,10.0,0.0,EURUSD,TP hit,0,1061.5399999999997
90,88,1771349100,1771349100000,1,0,10012026,45,5.0,0.01,1.18114,0.0,0.0,0.0,0.0,EURUSD,Tester sell,0,1061.5399999999997
91,89,1771510680,1771510680000,1,1,0,44,5.0,0.02,1.17739,-0.2,0.0,-14.26,0.0,EURUSD,SL hit,0,1047.0799999999997
92,90,1771510680,1771510680000,0,0,10012026,46,5.0,0.04,1.17739,0.0,0.0,0.0,0.0,EURUSD,Tester buy,0,1047.0799999999997
93,91,1771513440,1771513440000,0,1,0,45,5.0,0.01,1.17612,-0.2,0.0,5.02,0.0,EURUSD,TP hit,0,1051.8999999999996
94,92,1771513440,1771513440000,1,0,10012026,47,5.0,0.01,1.17612,0.0,0.0,0.0,0.0,EURUSD,Tester sell,0,1051.8999999999996
95,93,1771810680,1771810680000,1,1,0,46,5.0,0.04,1.18246,-0.2,0.0,20.28,0.0,EURUSD,TP hit,0,1071.9799999999996
96,94,1771810680,1771810680000,0,0,10012026,48,5.0,0.01,1.18246,0.0,0.0,0.0,0.0,EURUSD,Tester buy,0,1071.9799999999996
97,95,1771811820,1771811820000,0,1,0,47,5.0,0.01,1.1834500000000001,-0.2,0.0,-7.33,0.0,EURUSD,SL hit,0,1064.4499999999996
98,96,1771811820,1771811820000,1,0,10012026,49,5.0,0.02,1.1834500000000001,0.0,0.0,0.0,0.0,EURUSD,Tester sell,0,1064.4499999999996
99,97,1771853460,1771853460000,0,1,0,49,5.0,0.02,1.17839,-0.2,0.0,10.12,0.0,EURUSD,TP hit,0,1074.3699999999997
100,98,1771853460,1771853460000,1,0,10012026,50,5.0,0.01,1.17838,0.0,0.0,0.0,0.0,EURUSD,Tester sell,0,1074.3699999999997
101,99,1772439240,1772439240000,1,1,0,48,5.0,0.01,1.17532,-0.2,0.0,-7.14,0.0,EURUSD,SL hit,0,1067.0299999999997
102,100,1772439240,1772439240000,0,0,10012026,51,5.0,0.02,1.17532,0.0,0.0,0.0,0.0,EURUSD,Tester buy,0,1067.0299999999997
103,101,1772440800,1772440800000,0,1,0,50,5.0,0.01,1.17319,-0.2,0.0,5.19,0.0,EURUSD,TP hit,0,1072.0199999999998
104,102,1772440800,1772440800000,1,0,10012026,52,5.0,0.01,1.17319,0.0,0.0,0.0,0.0,EURUSD,Tester sell,0,1072.0199999999998
105,103,1772474160,1772474160000,1,1,0,51,5.0,0.02,1.16832,-0.2,0.0,-14.0,0.0,EURUSD,SL hit,0,1057.8199999999997
106,104,1772474160,1772474160000,0,0,10012026,53,5.0,0.04,1.16832,0.0,0.0,0.0,0.0,EURUSD,Tester buy,0,1057.8199999999997
107,105,1772474220,1772474220000,0,1,0,52,5.0,0.01,1.16812,-0.2,0.0,5.07,0.0,EURUSD,TP hit,0,1062.6899999999996
108,106,1772474220,1772474220000,1,0,10012026,54,5.0,0.01,1.16812,0.0,0.0,0.0,0.0,EURUSD,Tester sell,0,1062.6899999999996
109,107,1772533020,1772533020000,0,1,0,54,4.0,0.01,1.16312,-0.2,0.0,5.0,0.0,EURUSD,TP hit,0,1067.4899999999996
110,108,1772533020,1772533020000,1,0,10012026,55,5.0,0.01,1.16312,0.0,0.0,0.0,0.0,EURUSD,Tester sell,0,1067.4899999999996
111,109,1772537460,1772537460000,1,1,0,53,5.0,0.04,1.16123,-0.2,0.0,-28.36,0.0,EURUSD,SL hit,0,1038.9299999999996
112,110,1772537460,1772537460000,0,0,10012026,56,5.0,0.08,1.16123,0.0,0.0,0.0,0.0,EURUSD,Tester buy,0,1038.9299999999996
113,111,1772555040,1772555040000,0,1,0,55,5.0,0.01,1.15743,-0.2,0.0,5.69,0.0,EURUSD,TP hit,0,1044.4199999999996
114,112,1772555040,1772555040000,1,0,10012026,57,5.0,0.01,1.15743,0.0,0.0,0.0,0.0,EURUSD,Tester sell,0,1044.4199999999996
115,113,1772558220,1772558220000,1,1,0,56,5.0,0.08,1.15412,-0.2,0.0,-56.88,0.0,EURUSD,SL hit,0,987.3399999999996
116,114,1772558220,1772558220000,0,0,10012026,58,5.0,0.16,1.15412,0.0,0.0,0.0,0.0,EURUSD,Tester buy,0,987.3399999999996
117,115,1772561700,1772561700000,1,1,0,58,5.0,0.16,1.15917,-0.2,0.0,80.8,0.0,EURUSD,TP hit,0,1067.9399999999996
118,116,1772561700,1772561700000,0,0,10012026,59,5.0,0.01,1.15917,0.0,0.0,0.0,0.0,EURUSD,Tester buy,0,1067.9399999999996
119,117,1772626080,1772626080000,1,1,0,59,5.0,0.01,1.16432,-0.2,0.0,5.15,0.0,EURUSD,TP hit,0,1072.8899999999996
120,118,1772626080,1772626080000,0,0,10012026,60,5.0,0.01,1.16432,0.0,0.0,0.0,0.0,EURUSD,Tester buy,0,1072.8899999999996
121,119,1772630040,1772630040000,0,1,0,57,5.0,0.01,1.16452,-0.2,0.0,-7.09,0.0,EURUSD,SL hit,0,1065.5999999999997
122,120,1772630040,1772630040000,1,0,10012026,61,5.0,0.02,1.16452,0.0,0.0,0.0,0.0,EURUSD,Tester sell,0,1065.5999999999997
123,121,1772697480,1772697480000,0,1,0,61,5.0,0.02,1.15946,-0.2,0.0,10.12,0.0,EURUSD,TP hit,0,1075.5199999999998
124,122,1772697480,1772697480000,1,0,10012026,62,5.0,0.01,1.15946,0.0,0.0,0.0,0.0,EURUSD,Tester sell,0,1075.5199999999998
125,123,1772732220,1772732220000,1,1,0,60,5.0,0.01,1.15716,-0.2,0.0,-7.16,0.0,EURUSD,SL hit,0,1068.1599999999999
126,124,1772732220,1772732220000,0,0,10012026,63,5.0,0.02,1.15716,0.0,0.0,0.0,0.0,EURUSD,Tester buy,0,1068.1599999999999
127,125,1773018240,1773018240000,0,1,0,62,5.0,0.01,1.15426,-0.2,0.0,5.2,0.0,EURUSD,TP hit,0,1073.1599999999999
128,126,1773018240,1773018240000,1,0,10012026,64,5.0,0.01,1.15426,0.0,0.0,0.0,0.0,EURUSD,Tester sell,0,1073.1599999999999
129,127,1773094860,1773094860000,0,1,0,64,5.0,0.01,1.16126,-0.2,0.0,-7.0,0.0,EURUSD,SL hit,0,1065.9599999999998
130,128,1773094860,1773094860000,1,0,10012026,65,5.0,0.02,1.16126,0.0,0.0,0.0,0.0,EURUSD,Tester sell,0,1065.9599999999998
131,129,1773096240,1773096240000,1,1,0,63,5.0,0.02,1.16238,-0.2,0.0,10.44,0.0,EURUSD,TP hit,0,1076.1999999999998
132,130,1773096240,1773096240000,0,0,10012026,66,5.0,0.01,1.16238,0.0,0.0,0.0,0.0,EURUSD,Tester buy,0,1076.1999999999998
133,131,1773278820,1773278820000,0,1,0,65,5.0,0.02,1.15607,-0.2,0.0,10.38,0.0,EURUSD,TP hit,0,1086.3799999999999
134,132,1773278820,1773278820000,1,0,10012026,67,5.0,0.01,1.15607,0.0,0.0,0.0,0.0,EURUSD,Tester sell,0,1086.3799999999999
135,133,1773279600,1773279600000,1,1,0,66,5.0,0.01,1.15536,-0.2,0.0,-7.02,0.0,EURUSD,SL hit,0,1079.1599999999999
136,134,1773279600,1773279600000,0,0,10012026,68,5.0,0.02,1.15536,0.0,0.0,0.0,0.0,EURUSD,Tester buy,0,1079.1599999999999
137,135,1773358080,1773358080000,0,1,0,67,4.0,0.01,1.15107,-0.2,0.0,5.0,0.0,EURUSD,TP hit,0,1083.9599999999998
138,136,1773358080,1773358080000,1,0,10012026,69,5.0,0.01,1.15107,0.0,0.0,0.0,0.0,EURUSD,Tester sell,0,1083.9599999999998
139,137,1773395940,1773395940000,1,1,0,68,5.0,0.02,1.14828,-0.2,0.0,-14.16,0.0,EURUSD,SL hit,0,1069.6
140,138,1773395940,1773395940000,0,0,10012026,70,5.0,0.04,1.14829,0.0,0.0,0.0,0.0,EURUSD,Tester buy,0,1069.6
141,139,1773398820,1773398820000,0,1,0,69,5.0,0.01,1.14588,-0.2,0.0,5.19,0.0,EURUSD,TP hit,0,1074.59
142,140,1773398820,1773398820000,1,0,10012026,71,5.0,0.01,1.14588,0.0,0.0,0.0,0.0,EURUSD,Tester sell,0,1074.59
143,141,1773444780,1773444780000,1,1,0,70,5.0,0.04,1.14126,-0.2,0.0,-28.12,0.0,EURUSD,SL hit,0,1046.27
144,142,1773444780,1773444780000,0,0,10012026,72,5.0,0.08,1.14127,0.0,0.0,0.0,0.0,EURUSD,Tester buy,0,1046.27
145,143,1773667020,1773667020000,1,1,0,72,5.0,0.08,1.14644,-0.2,0.0,41.36,0.0,EURUSD,TP hit,0,1087.43
146,144,1773667020,1773667020000,0,0,10012026,73,5.0,0.01,1.14644,0.0,0.0,0.0,0.0,EURUSD,Tester buy,0,1087.43
147,145,1773696300,1773696300000,1,1,0,73,5.0,0.01,1.1516899999999999,-0.2,0.0,5.25,0.0,EURUSD,TP hit,0,1092.48
148,146,1773696300,1773696300000,0,0,10012026,74,5.0,0.01,1.1516899999999999,0.0,0.0,0.0,0.0,EURUSD,Tester buy,0,1092.48
149,147,1773763260,1773763260000,0,1,0,71,5.0,0.01,1.15313,-0.2,0.0,-7.25,0.0,EURUSD,SL hit,0,1085.03
150,148,1773763260,1773763260000,1,0,10012026,75,5.0,0.02,1.15313,0.0,0.0,0.0,0.0,EURUSD,Tester sell,0,1085.03
151,149,1773871020,1773871020000,0,1,0,75,5.0,0.02,1.14805,-0.2,0.0,10.16,0.0,EURUSD,TP hit,0,1094.99
152,150,1773871020,1773871020000,1,0,10012026,76,5.0,0.01,1.14805,0.0,0.0,0.0,0.0,EURUSD,Tester sell,0,1094.99
153,151,1773918360,1773918360000,1,1,0,74,5.0,0.01,1.14461,-0.2,0.0,-7.08,0.0,EURUSD,SL hit,0,1087.71
154,152,1773918360,1773918360000,0,0,10012026,77,5.0,0.02,1.14461,0.0,0.0,0.0,0.0,EURUSD,Tester buy,0,1087.71
155,153,1773937140,1773937140000,1,1,0,77,5.0,0.02,1.14969,-0.2,0.0,10.16,0.0,EURUSD,TP hit,0,1097.67
156,154,1773937140,1773937140000,0,0,10012026,78,5.0,0.01,1.1497000000000002,0.0,0.0,0.0,0.0,EURUSD,Tester buy,0,1097.67
157,155,1773951360,1773951360000,1,1,0,78,5.0,0.01,1.15477,-0.2,0.0,5.07,0.0,EURUSD,TP hit,0,1102.54
158,156,1773951360,1773951360000,0,0,10012026,79,5.0,0.01,1.15477,0.0,0.0,0.0,0.0,EURUSD,Tester buy,0,1102.54
159,157,1773951660,1773951660000,0,1,0,76,5.0,0.01,1.15514,-0.2,0.0,-7.09,0.0,EURUSD,SL hit,0,1095.25
160,158,1773951660,1773951660000,1,0,10012026,80,5.0,0.02,1.15514,0.0,0.0,0.0,0.0,EURUSD,Tester sell,0,1095.25
161,159,1773957960,1773957960000,1,1,0,79,5.0,0.01,1.16072,-0.2,0.0,5.95,0.0,EURUSD,TP hit,0,1101.0
162,160,1773957960,1773957960000,0,0,10012026,81,5.0,0.01,1.16073,0.0,0.0,0.0,0.0,EURUSD,Tester buy,0,1101.0
163,161,1774012140,1774012140000,1,1,0,81,5.0,0.01,1.15367,-0.2,0.0,-7.06,0.0,EURUSD,SL hit,0,1093.74
164,162,1774012140,1774012140000,0,0,10012026,82,5.0,0.02,1.15367,0.0,0.0,0.0,0.0,EURUSD,Tester buy,0,1093.74
165,163,1774269840,1774269840000,0,1,0,80,5.0,0.02,1.14992,-0.2,0.0,10.44,0.0,EURUSD,TP hit,0,1103.98
166,164,1774269840,1774269840000,1,0,10012026,83,5.0,0.01,1.14992,0.0,0.0,0.0,0.0,EURUSD,Tester sell,0,1103.98
167,165,1774274700,1774274700000,0,1,0,83,5.0,0.01,1.15778,-0.2,0.0,-7.86,0.0,EURUSD,SL hit,0,1095.92
168,166,1774274700,1774274700000,1,0,10012026,84,5.0,0.02,1.15778,0.0,0.0,0.0,0.0,EURUSD,Tester sell,0,1095.92
169,167,1774274760,1774274760000,1,1,0,82,5.0,0.02,1.16137,-0.2,0.0,15.4,0.0,EURUSD,TP hit,0,1111.1200000000001
170,168,1774274760,1774274760000,0,0,10012026,85,5.0,0.01,1.16137,0.0,0.0,0.0,0.0,EURUSD,Tester buy,0,1111.1200000000001
171,169,1774275600,1774275600000,1,1,0,85,5.0,0.01,1.15312,-0.2,0.0,-8.25,0.0,EURUSD,SL hit,0,1102.67
172,170,1774275600,1774275600000,0,0,10012026,86,5.0,0.02,1.15312,0.0,0.0,0.0,0.0,EURUSD,Tester buy,0,1102.67
173,171,1774276260,1774276260000,1,1,0,86,5.0,0.02,1.15822,-0.2,0.0,10.2,0.0,EURUSD,TP hit,0,1112.67
174,172,1774276260,1774276260000,0,0,10012026,87,5.0,0.01,1.15822,0.0,0.0,0.0,0.0,EURUSD,Tester buy,0,1112.67
175,173,1774287120,1774287120000,1,1,0,87,5.0,0.01,1.16327,-0.2,0.0,5.05,0.0,EURUSD,TP hit,0,1117.52
176,174,1774287120,1774287120000,0,0,10012026,88,5.0,0.01,1.16327,0.0,0.0,0.0,0.0,EURUSD,Tester buy,0,1117.52
177,175,1774382700,1774382700000,1,1,0,88,5.0,0.01,1.15609,-0.2,0.0,-7.18,0.0,EURUSD,SL hit,0,1110.1399999999999
178,176,1774382700,1774382700000,0,0,10012026,89,5.0,0.02,1.1561000000000001,0.0,0.0,0.0,0.0,EURUSD,Tester buy,0,1110.1399999999999
179,177,1774394580,1774394580000,1,1,0,89,5.0,0.02,1.16125,-0.2,0.0,10.3,0.0,EURUSD,TP hit,0,1120.2399999999998
180,178,1774394580,1774394580000,0,0,10012026,90,5.0,0.01,1.16126,0.0,0.0,0.0,0.0,EURUSD,Tester buy,0,1120.2399999999998
181,179,1774535580,1774535580000,1,1,0,90,5.0,0.01,1.15426,-0.2,0.0,-7.0,0.0,EURUSD,SL hit,0,1113.0399999999997
182,180,1774535580,1774535580000,0,0,10012026,91,5.0,0.02,1.15426,0.0,0.0,0.0,0.0,EURUSD,Tester buy,0,1113.0399999999997
183,181,1774536780,1774536780000,0,1,0,84,4.0,0.02,1.15278,-0.2,0.0,10.0,0.0,EURUSD,TP hit,0,1122.8399999999997
184,182,1774536780,1774536780000,1,0,10012026,92,5.0,0.01,1.15278,0.0,0.0,0.0,0.0,EURUSD,Tester sell,0,1122.8399999999997
185,183,1774883520,1774883520000,0,1,0,92,5.0,0.01,1.14772,-0.2,0.0,5.06,0.0,EURUSD,TP hit,0,1127.6999999999996
186,184,1774883520,1774883520000,1,0,10012026,93,5.0,0.01,1.14772,0.0,0.0,0.0,0.0,EURUSD,Tester sell,0,1127.6999999999996
187,185,1774888800,1774888800000,1,1,0,91,5.0,0.02,1.14704,-0.2,0.0,-14.44,0.0,EURUSD,SL hit,0,1113.0599999999995
188,186,1774888800,1774888800000,0,0,10012026,94,5.0,0.04,1.1470500000000001,0.0,0.0,0.0,0.0,EURUSD,Tester buy,0,1113.0599999999995
189,187,1774975860,1774975860000,1,1,0,94,5.0,0.04,1.15225,-0.2,0.0,20.8,0.0,EURUSD,TP hit,0,1133.6599999999994
190,188,1774975860,1774975860000,0,0,10012026,95,5.0,0.01,1.15225,0.0,0.0,0.0,0.0,EURUSD,Tester buy,0,1133.6599999999994
191,189,1774986000,1774986000000,0,1,0,93,5.0,0.01,1.15506,-0.2,0.0,-7.34,0.0,EURUSD,SL hit,0,1126.1199999999994
192,190,1774986000,1774986000000,1,0,10012026,96,5.0,0.02,1.15505,0.0,0.0,0.0,0.0,EURUSD,Tester sell,0,1126.1199999999994
193,191,1775012160,1775012160000,1,1,0,95,5.0,0.01,1.1573,-0.2,0.0,5.05,0.0,EURUSD,TP hit,0,1130.9699999999993
194,192,1775012160,1775012160000,0,0,10012026,97,5.0,0.01,1.1573,0.0,0.0,0.0,0.0,EURUSD,Tester buy,0,1130.9699999999993
195,193,1775061180,1775061180000,0,1,0,96,5.0,0.02,1.16222,-0.2,0.0,-14.34,0.0,EURUSD,SL hit,0,1116.4299999999994
196,194,1775061180,1775061180000,1,0,10012026,98,5.0,0.04,1.16222,0.0,0.0,0.0,0.0,EURUSD,Tester sell,0,1116.4299999999994
197,195,1775065740,1775065740000,1,1,0,97,5.0,0.01,1.16241,-0.2,0.0,5.11,0.0,EURUSD,TP hit,0,1121.3399999999995
198,196,1775065740,1775065740000,0,0,10012026,99,5.0,0.01,1.16241,0.0,0.0,0.0,0.0,EURUSD,Tester buy,0,1121.3399999999995
199,197,1775103420,1775103420000,0,1,0,98,5.0,0.04,1.15704,-0.2,0.0,20.72,0.0,EURUSD,TP hit,0,1141.8599999999994
200,198,1775103420,1775103420000,1,0,10012026,100,5.0,0.01,1.15704,0.0,0.0,0.0,0.0,EURUSD,Tester sell,0,1141.8599999999994
201,199,1775104320,1775104320000,1,1,0,99,5.0,0.01,1.15491,-0.2,0.0,-7.5,0.0,EURUSD,SL hit,0,1134.1599999999994
202,200,1775104320,1775104320000,0,0,10012026,101,5.0,0.02,1.15491,0.0,0.0,0.0,0.0,EURUSD,Tester buy,0,1134.1599999999994
203,201,1775121180,1775121180000,0,1,0,100,5.0,0.01,1.15191,-0.2,0.0,5.13,0.0,EURUSD,TP hit,0,1139.0899999999995
204,202,1775121180,1775121180000,1,0,10012026,102,5.0,0.01,1.15191,0.0,0.0,0.0,0.0,EURUSD,Tester sell,0,1139.0899999999995
205,203,1775601900,1775601900000,0,1,0,102,5.0,0.01,1.1594,-0.2,0.0,-7.49,0.0,EURUSD,SL hit,0,1131.3999999999994
206,204,1775601900,1775601900000,1,0,10012026,103,5.0,0.02,1.1594,0.0,0.0,0.0,0.0,EURUSD,Tester sell,0,1131.3999999999994
207,205,1775602020,1775602020000,1,1,0,101,5.0,0.02,1.15999,-0.2,0.0,10.16,0.0,EURUSD,TP hit,0,1141.3599999999994
208,206,1775602020,1775602020000,0,0,10012026,104,5.0,0.01,1.1600000000000001,0.0,0.0,0.0,0.0,EURUSD,Tester buy,0,1141.3599999999994
209,207,1775613180,1775613180000,1,1,0,104,5.0,0.01,1.16525,-0.2,0.0,5.25,0.0,EURUSD,TP hit,0,1146.4099999999994
210,208,1775613180,1775613180000,0,0,10012026,105,5.0,0.01,1.16525,0.0,0.0,0.0,0.0,EURUSD,Tester buy,0,1146.4099999999994
211,209,1775613420,1775613420000,0,1,0,103,5.0,0.02,1.16659,-0.2,0.0,-14.38,0.0,EURUSD,SL hit,0,1131.8299999999995
212,210,1775613420,1775613420000,1,0,10012026,106,5.0,0.04,1.16659,0.0,0.0,0.0,0.0,EURUSD,Tester sell,0,1131.8299999999995
213,211,1775638260,1775638260000,1,1,0,105,5.0,0.01,1.17033,-0.2,0.0,5.08,0.0,EURUSD,TP hit,0,1136.7099999999996
214,212,1775638260,1775638260000,0,0,10012026,107,5.0,0.01,1.17033,0.0,0.0,0.0,0.0,EURUSD,Tester buy,0,1136.7099999999996
215,213,1775841540,1775841540000,0,1,0,106,5.0,0.04,1.17359,-0.2,0.0,-28.0,0.0,EURUSD,SL hit,0,1108.5099999999995
216,214,1775841540,1775841540000,1,0,10012026,108,5.0,0.08,1.17359,0.0,0.0,0.0,0.0,EURUSD,Tester sell,0,1108.5099999999995
217,215,1776038400,1776038400000,0,1,0,108,5.0,0.08,1.16743,-0.2,0.0,49.28,0.0,EURUSD,TP hit,0,1157.5899999999995
218,216,1776038400,1776038400000,1,0,10012026,109,5.0,0.01,1.16698,0.0,0.0,0.0,0.0,EURUSD,Tester sell,0,1157.5899999999995
219,217,1776115860,1776115860000,0,1,0,109,5.0,0.01,1.17455,-0.2,0.0,-7.57,0.0,EURUSD,SL hit,0,1149.8199999999995
220,218,1776115860,1776115860000,1,0,10012026,110,5.0,0.02,1.17455,0.0,0.0,0.0,0.0,EURUSD,Tester sell,0,1149.8199999999995
221,219,1776116880,1776116880000,1,1,0,107,5.0,0.01,1.17542,-0.2,0.0,5.09,0.0,EURUSD,TP hit,0,1154.7099999999996
222,220,1776116880,1776116880000,0,0,10012026,111,5.0,0.01,1.17542,0.0,0.0,0.0,0.0,EURUSD,Tester buy,0,1154.7099999999996
223,221,1776178680,1776178680000,1,1,0,111,5.0,0.01,1.18046,-0.2,0.0,5.04,0.0,EURUSD,TP hit,0,1159.5499999999995
224,222,1776178680,1776178680000,0,0,10012026,112,5.0,0.01,1.18046,0.0,0.0,0.0,0.0,EURUSD,Tester buy,0,1159.5499999999995
225,223,1776318180,1776318180000,0,1,0,110,5.0,0.02,1.1816,-0.2,0.0,-14.1,0.0,EURUSD,SL hit,0,1145.2499999999995
226,224,1776318180,1776318180000,1,0,10012026,113,5.0,0.04,1.1816,0.0,0.0,0.0,0.0,EURUSD,Tester sell,0,1145.2499999999995
227,225,1776468540,1776468540000,0,1,0,113,5.0,0.04,1.17644,-0.2,0.0,20.64,0.0,EURUSD,TP hit,0,1165.6899999999996
228,226,1776468540,1776468540000,1,0,10012026,114,5.0,0.01,1.17644,0.0,0.0,0.0,0.0,EURUSD,Tester sell,0,1165.6899999999996
229,227,1776645360,1776645360000,1,1,0,112,5.0,0.01,1.17344,-0.2,0.0,-7.02,0.0,EURUSD,SL hit,0,1158.4699999999996
230,228,1776645360,1776645360000,0,0,10012026,115,5.0,0.02,1.1737900000000001,0.0,0.0,0.0,0.0,EURUSD,Tester buy,0,1158.4699999999996
231,229,1776710280,1776710280000,1,1,0,115,5.0,0.02,1.17881,-0.2,0.0,10.04,0.0,EURUSD,TP hit,0,1168.3099999999995
232,230,1776710280,1776710280000,0,0,10012026,116,5.0,0.01,1.17881,0.0,0.0,0.0,0.0,EURUSD,Tester buy,0,1168.3099999999995
233,231,1776880800,1776880800000,1,1,0,116,5.0,0.01,1.17175,-0.2,0.0,-7.06,0.0,EURUSD,SL hit,0,1161.0499999999995
234,232,1776880800,1776880800000,0,0,10012026,117,5.0,0.02,1.17175,0.0,0.0,0.0,0.0,EURUSD,Tester buy,0,1161.0499999999995
235,233,1776883440,1776883440000,0,1,0,114,5.0,0.01,1.17139,-0.2,0.0,5.05,0.0,EURUSD,TP hit,0,1165.8999999999994
236,234,1776883440,1776883440000,1,0,10012026,118,5.0,0.01,1.17139,0.0,0.0,0.0,0.0,EURUSD,Tester sell,0,1165.8999999999994
237,235,1777499040,1777499040000,0,1,0,118,4.0,0.01,1.16639,-0.2,0.0,5.0,0.0,EURUSD,TP hit,0,1170.6999999999994
238,236,1777499040,1777499040000,1,0,10012026,119,5.0,0.01,1.16639,0.0,0.0,0.0,0.0,EURUSD,Tester sell,0,1170.6999999999994
239,237,1777572660,1777572660000,0,1,0,119,5.0,0.01,1.17348,-0.2,0.0,-7.09,0.0,EURUSD,SL hit,0,1163.4099999999994
240,238,1777572660,1777572660000,1,0,10012026,120,5.0,0.02,1.17348,0.0,0.0,0.0,0.0,EURUSD,Tester sell,0,1163.4099999999994
241,239,1777648980,1777648980000,1,1,0,117,5.0,0.02,1.17686,-0.2,0.0,10.22,0.0,EURUSD,TP hit,0,1173.4299999999994
242,240,1777648980,1777648980000,0,0,10012026,121,5.0,0.01,1.17686,0.0,0.0,0.0,0.0,EURUSD,Tester buy,0,1173.4299999999994
243,241,1777900080,1777900080000,1,1,0,121,5.0,0.01,1.16973,-0.2,0.0,-7.13,0.0,EURUSD,SL hit,0,1166.0999999999995
244,242,1777900080,1777900080000,0,0,10012026,122,5.0,0.02,1.16973,0.0,0.0,0.0,0.0,EURUSD,Tester buy,0,1166.0999999999995
245,243,1777922100,1777922100000,0,1,0,120,5.0,0.02,1.16846,-0.2,0.0,10.04,0.0,EURUSD,TP hit,0,1175.9399999999994
246,244,1777922100,1777922100000,1,0,10012026,123,5.0,0.01,1.16846,0.0,0.0,0.0,0.0,EURUSD,Tester sell,0,1175.9399999999994
247,245,1778067660,1778067660000,1,1,0,122,5.0,0.02,1.17478,-0.2,0.0,10.1,0.0,EURUSD,TP hit,0,1185.8399999999995
248,246,1778067660,1778067660000,0,0,10012026,124,5.0,0.01,1.17478,0.0,0.0,0.0,0.0,EURUSD,Tester buy,0,1185.8399999999995
249,247,1778068200,1778068200000,0,1,0,123,5.0,0.01,1.17598,-0.2,0.0,-7.52,0.0,EURUSD,SL hit,0,1178.1199999999994
250,248,1778068200,1778068200000,1,0,10012026,125,5.0,0.02,1.17598,0.0,0.0,0.0,0.0,EURUSD,Tester sell,0,1178.1199999999994
251,249,1778669640,1778669640000,0,1,0,125,4.0,0.02,1.17098,-0.2,0.0,10.0,0.0,EURUSD,TP hit,0,1187.9199999999994
252,250,1778669640,1778669640000,1,0,10012026,126,5.0,0.01,1.17098,0.0,0.0,0.0,0.0,EURUSD,Tester sell,0,1187.9199999999994
253,251,1778781600,1778781600000,1,1,0,124,5.0,0.01,1.16769,-0.2,0.0,-7.09,0.0,EURUSD,SL hit,0,1180.6299999999994
254,252,1778781600,1778781600000,0,0,10012026,127,5.0,0.02,1.16769,0.0,0.0,0.0,0.0,EURUSD,Tester buy,0,1180.6299999999994
255,253,1778814060,1778814060000,0,1,0,126,5.0,0.01,1.16597,-0.2,0.0,5.01,0.0,EURUSD,TP hit,0,1185.4399999999994
256,254,1778814060,1778814060000,1,0,10012026,128,5.0,0.01,1.16597,0.0,0.0,0.0,0.0,EURUSD,Tester sell,0,1185.4399999999994
257,255,1779076440,1779076440000,0,1,0,128,5.0,0.01,1.16087,-0.2,0.0,5.1,0.0,EURUSD,TP hit,0,1190.3399999999995
258,256,1779076440,1779076440000,1,0,10012026,129,5.0,0.01,1.16087,0.0,0.0,0.0,0.0,EURUSD,Tester sell,0,1190.3399999999995
259,257,1779207780,1779207780000,1,1,0,127,5.0,0.02,1.16068,-0.2,0.0,-14.02,0.0,EURUSD,SL hit,0,1176.1199999999994
260,258,1779207780,1779207780000,0,0,10012026,130,5.0,0.04,1.16068,0.0,0.0,0.0,0.0,EURUSD,Tester buy,0,1176.1199999999994
261,259,1779895800,1779895800000,1,1,0,130,5.0,0.04,1.16595,-0.2,0.0,21.08,0.0,EURUSD,TP hit,0,1196.9999999999995
262,260,1779895800,1779895800000,0,0,10012026,131,5.0,0.01,1.16595,0.0,0.0,0.0,0.0,EURUSD,Tester buy,0,1196.9999999999995
263,261,1779951300,1779951300000,1,1,0,131,5.0,0.01,1.15889,-0.2,0.0,-7.06,0.0,EURUSD,SL hit,0,1189.7399999999996
264,262,1779951300,1779951300000,0,0,10012026,132,5.0,0.02,1.15889,0.0,0.0,0.0,0.0,EURUSD,Tester buy,0,1189.7399999999996
265,263,1779984060,1779984060000,1,1,0,132,5.0,0.02,1.16397,-0.2,0.0,10.16,0.0,EURUSD,TP hit,0,1199.6999999999996
266,264,1779984060,1779984060000,0,0,10012026,133,5.0,0.01,1.16397,0.0,0.0,0.0,0.0,EURUSD,Tester buy,0,1199.6999999999996
267,265,1780078980,1780078980000,0,1,0,129,5.0,0.01,1.16812,-0.2,0.0,-7.25,0.0,EURUSD,SL hit,0,1192.2499999999995
268,266,1780078980,1780078980000,1,0,10012026,134,5.0,0.02,1.16812,0.0,0.0,0.0,0.0,EURUSD,Tester sell,0,1192.2499999999995
269,267,1780098960,1780098960000,1,1,10012026,133,5.0,0.01,1.16594,-0.2,0.0,1.97,0.0,EURUSD,End of test,0,1194.0199999999995
270,268,1780098960,1780098960000,0,1,10012026,134,5.0,0.02,1.16599,-0.2,0.0,4.26,0.0,EURUSD,End of test,0,1198.0799999999995
