ticket,time_setup,time_setup_msc,time_done,time_done_msc,time_expiration,type,type_time,type_filling,state,magic,position_id,position_by_id,reason,volume_initial,volume_current,price_open,sl,tp,price_current,price_stoplimit,symbol,comment,external_id
1,1767214800,1767214800000,1767625440,1767625440000,0,0,0,0,4,10012026,1,0,,0.01,0.01,1.17376,1.16676,1.1787599999999998,1.1666400000000001,0.0,EURUSD,Tester buy,0
2,1767214800,1767214800000,1767587820,1767587820000,0,1,0,0,4,10012026,2,0,,0.01,0.01,1.17376,1.1807599999999998,1.16876,1.16869,0.0,EURUSD,Tester sell,0
3,1767587820,1767587820000,1767975960,1767975960000,0,1,0,0,4,10012026,3,0,,0.01,0.01,1.16869,1.17569,1.1636900000000001,1.1636199999999999,0.0,EURUSD,Tester sell,0
4,1767625440,1767625440000,1767637980,1767637980000,0,0,0,0,4,10012026,4,0,,0.02,0.02,1.1666400000000001,1.1596400000000002,1.17164,1.17166,0.0,EURUSD,Tester buy,0
5,1767637980,1767637980000,1767900660,1767900660000,0,0,0,0,4,10012026,5,0,,0.01,0.01,1.17166,1.16466,1.1766599999999998,1.16466,0.0,EURUSD,Tester buy,0
6,1767900660,1767900660000,1768232820,1768232820000,0,0,0,0,4,10012026,6,0,,0.02,0.02,1.16466,1.1576600000000001,1.16966,1.16968,0.0,EURUSD,Tester buy,0
7,1767975960,1767975960000,1768780800,1768780800000,0,1,0,0,4,10012026,7,0,,0.01,0.01,1.1636199999999999,1.1706199999999998,1.15862,1.15852,0.0,EURUSD,Tester sell,0
8,1768232820,1768232820000,1768488900,1768488900000,0,0,0,0,4,10012026,8,0,,0.01,0.01,1.16968,1.1626800000000002,1.17468,1.16254,0.0,EURUSD,Tester buy,0
9,1768488900,1768488900000,1768900980,1768900980000,0,0,0,0,4,10012026,9,0,,0.02,0.02,1.16254,1.15554,1.1675399999999998,1.16764,0.0,EURUSD,Tester buy,0
10,1768780800,1768780800000,1768886580,1768886580000,0,1,0,0,4,10012026,10,0,,0.01,0.01,1.15818,1.1651799999999999,1.15318,1.16529,0.0,EURUSD,Tester sell,0
11,1768886580,1768886580000,1768907220,1768907220000,0,1,0,0,4,10012026,11,0,,0.02,0.02,1.16529,1.1722899999999998,1.16029,1.17258,0.0,EURUSD,Tester sell,0
12,1768900980,1768900980000,1768908600,1768908600000,0,0,0,0,4,10012026,12,0,,0.01,0.01,1.16764,1.1606400000000001,1.17264,1.1727400000000001,0.0,EURUSD,Tester buy,0
13,1768907220,1768907220000,1769045400,1769045400000,0,1,0,0,4,10012026,13,0,,0.04,0.04,1.17258,1.1795799999999999,1.16758,1.16755,0.0,EURUSD,Tester sell,0
14,1768908600,1768908600000,1769195280,1769195280000,0,0,0,0,4,10012026,14,0,,0.01,0.01,1.1727400000000001,1.1657400000000002,1.17774,1.17792,0.0,EURUSD,Tester buy,0
15,1769045400,1769045400000,1769105820,1769105820000,0,1,0,0,4,10012026,15,0,,0.01,0.01,1.16755,1.17455,1.1625500000000002,1.17455,0.0,EURUSD,Tester sell,0
16,1769105820,1769105820000,1769206440,1769206440000,0,1,0,0,4,10012026,16,0,,0.02,0.02,1.17455,1.1815499999999999,1.16955,1.18158,0.0,EURUSD,Tester sell,0
17,1769195280,1769195280000,1769209680,1769209680000,0,0,0,0,4,10012026,17,0,,0.01,0.01,1.17792,1.1709200000000002,1.18292,1.18313,0.0,EURUSD,Tester buy,0
18,1769206440,1769206440000,1769388780,1769388780000,0,1,0,0,4,10012026,18,0,,0.04,0.04,1.18158,1.18858,1.1765800000000002,1.18869,0.0,EURUSD,Tester sell,0
19,1769209680,1769209680000,1769388780,1769388780000,0,0,0,0,4,10012026,19,0,,0.01,0.01,1.18313,1.1761300000000001,1.18813,1.18847,0.0,EURUSD,Tester buy,0
20,1769388780,1769388780000,1769526060,1769526060000,0,0,0,0,4,10012026,20,0,,0.08,0.08,1.18869,1.1816900000000001,1.19369,1.19374,0.0,EURUSD,Tester buy,0
21,1769388780,1769388780000,1769533380,1769533380000,0,1,0,0,4,10012026,21,0,,0.08,0.08,1.18847,1.1954699999999998,1.18347,1.19581,0.0,EURUSD,Tester sell,0
22,1769526060,1769526060000,1769539440,1769539440000,0,0,0,0,4,10012026,22,0,,0.01,0.01,1.19374,1.1867400000000001,1.19874,1.19876,0.0,EURUSD,Tester buy,0
23,1769533380,1769533380000,1769554020,1769554020000,0,1,0,0,4,10012026,23,0,,0.16,0.16,1.19581,1.20281,1.1908100000000001,1.2032,0.0,EURUSD,Tester sell,0
24,1769539440,1769539440000,1769554080,1769554080000,0,0,0,0,4,10012026,24,0,,0.01,0.01,1.19876,1.1917600000000002,1.20376,1.20758,0.0,EURUSD,Tester buy,0
25,1769554020,1769554020000,1769583720,1769583720000,0,1,0,0,4,10012026,25,0,,0.32,0.32,1.2032,1.2102,1.1982000000000002,1.19766,0.0,EURUSD,Tester sell,0
26,1769554080,1769554080000,1769570340,1769570340000,0,0,0,0,4,10012026,26,0,,0.01,0.01,1.20758,1.2005800000000002,1.21258,1.20058,0.0,EURUSD,Tester buy,0
27,1769570340,1769570340000,1769620080,1769620080000,0,0,0,0,4,10012026,27,0,,0.02,0.02,1.20058,1.19358,1.2055799999999999,1.1934,0.0,EURUSD,Tester buy,0
28,1769583720,1769583720000,1769625000,1769625000000,0,1,0,0,4,10012026,28,0,,0.01,0.01,1.19766,1.2046599999999998,1.19266,1.19249,0.0,EURUSD,Tester sell,0
29,1769620080,1769620080000,1769666100,1769666100000,0,0,0,0,4,10012026,29,0,,0.04,0.04,1.1934,1.1864000000000001,1.1984,1.19841,0.0,EURUSD,Tester buy,0
30,1769625000,1769625000000,1769677380,1769677380000,0,1,0,0,4,10012026,30,0,,0.01,0.01,1.19249,1.19949,1.1874900000000002,1.19959,0.0,EURUSD,Tester sell,0
31,1769666100,1769666100000,1769707560,1769707560000,0,0,0,0,4,10012026,31,0,,0.01,0.01,1.19841,1.19141,1.2034099999999999,1.19134,0.0,EURUSD,Tester buy,0
32,1769677380,1769677380000,1769690760,1769690760000,0,1,0,0,4,10012026,32,0,,0.02,0.02,1.19959,1.2065899999999998,1.19459,1.19436,0.0,EURUSD,Tester sell,0
33,1769690760,1769690760000,1769792580,1769792580000,0,1,0,0,4,10012026,33,0,,0.01,0.01,1.19436,1.20136,1.1893600000000002,1.18913,0.0,EURUSD,Tester sell,0
34,1769707560,1769707560000,1769719140,1769719140000,0,0,0,0,4,10012026,34,0,,0.02,0.02,1.19134,1.1843400000000002,1.19634,1.19635,0.0,EURUSD,Tester buy,0
35,1769719140,1769719140000,1769792580,1769792580000,0,0,0,0,4,10012026,35,0,,0.01,0.01,1.19635,1.1893500000000001,1.20135,1.18912,0.0,EURUSD,Tester buy,0
36,1769792580,1769792580000,1770046500,1770046500000,0,0,0,0,4,10012026,36,0,,0.01,0.01,1.18913,1.1821300000000001,1.19413,1.1821,0.0,EURUSD,Tester buy,0
37,1769792580,1769792580000,1769994540,1769994540000,0,1,0,0,4,10012026,37,0,,0.01,0.01,1.18912,1.1961199999999999,1.18412,1.18411,0.0,EURUSD,Tester sell,0
38,1769994540,1769994540000,1770055080,1770055080000,0,1,0,0,4,10012026,38,0,,0.01,0.01,1.18411,1.19111,1.17911,1.17911,0.0,EURUSD,Tester sell,0
39,1770046500,1770046500000,1770645300,1770645300000,0,0,0,0,4,10012026,39,0,,0.02,0.02,1.1821,1.1751,1.1870999999999998,1.18713,0.0,EURUSD,Tester buy,0
40,1770055080,1770055080000,1770631440,1770631440000,0,1,0,0,4,10012026,40,0,,0.01,0.01,1.17911,1.18611,1.1741100000000002,1.18614,0.0,EURUSD,Tester sell,0
41,1770631440,1770631440000,1771349100,1771349100000,0,1,0,0,4,10012026,41,0,,0.02,0.02,1.18614,1.1931399999999999,1.18114,1.18114,0.0,EURUSD,Tester sell,0
42,1770645300,1770645300000,1770656400,1770656400000,0,0,0,0,4,10012026,42,0,,0.01,0.01,1.18713,1.1801300000000001,1.19213,1.1926,0.0,EURUSD,Tester buy,0
43,1770656400,1770656400000,1770823800,1770823800000,0,0,0,0,4,10012026,43,0,,0.01,0.01,1.1926,1.1856000000000002,1.1976,1.18452,0.0,EURUSD,Tester buy,0
44,1770823800,1770823800000,1771510680,1771510680000,0,0,0,0,4,10012026,44,0,,0.02,0.02,1.18452,1.1775200000000001,1.18952,1.17739,0.0,EURUSD,Tester buy,0
45,1771349100,1771349100000,1771513440,1771513440000,0,1,0,0,4,10012026,45,0,,0.01,0.01,1.18114,1.18814,1.1761400000000002,1.17612,0.0,EURUSD,Tester sell,0
46,1771510680,1771510680000,1771810680,1771810680000,0,0,0,0,4,10012026,46,0,,0.04,0.04,1.17739,1.17039,1.1823899999999998,1.18246,0.0,EURUSD,Tester buy,0
47,1771513440,1771513440000,1771811820,1771811820000,0,1,0,0,4,10012026,47,0,,0.01,0.01,1.17612,1.18312,1.1711200000000002,1.1834500000000001,0.0,EURUSD,Tester sell,0
48,1771810680,1771810680000,1772439240,1772439240000,0,0,0,0,4,10012026,48,0,,0.01,0.01,1.18246,1.1754600000000002,1.18746,1.17532,0.0,EURUSD,Tester buy,0
49,1771811820,1771811820000,1771853460,1771853460000,0,1,0,0,4,10012026,49,0,,0.02,0.02,1.1834500000000001,1.19045,1.1784500000000002,1.17839,0.0,EURUSD,Tester sell,0
50,1771853460,1771853460000,1772440800,1772440800000,0,1,0,0,4,10012026,50,0,,0.01,0.01,1.17838,1.1853799999999999,1.17338,1.17319,0.0,EURUSD,Tester sell,0
51,1772439240,1772439240000,1772474160,1772474160000,0,0,0,0,4,10012026,51,0,,0.02,0.02,1.17532,1.16832,1.1803199999999998,1.16832,0.0,EURUSD,Tester buy,0
52,1772440800,1772440800000,1772474220,1772474220000,0,1,0,0,4,10012026,52,0,,0.01,0.01,1.17319,1.1801899999999999,1.16819,1.16812,0.0,EURUSD,Tester sell,0
53,1772474160,1772474160000,1772537460,1772537460000,0,0,0,0,4,10012026,53,0,,0.04,0.04,1.16832,1.1613200000000001,1.17332,1.16123,0.0,EURUSD,Tester buy,0
54,1772474220,1772474220000,1772533020,1772533020000,0,1,0,0,4,10012026,54,0,,0.01,0.01,1.16812,1.17512,1.1631200000000002,1.16312,0.0,EURUSD,Tester sell,0
55,1772533020,1772533020000,1772555040,1772555040000,0,1,0,0,4,10012026,55,0,,0.01,0.01,1.16312,1.1701199999999998,1.15812,1.15743,0.0,EURUSD,Tester sell,0
56,1772537460,1772537460000,1772558220,1772558220000,0,0,0,0,4,10012026,56,0,,0.08,0.08,1.16123,1.15423,1.1662299999999999,1.15412,0.0,EURUSD,Tester buy,0
57,1772555040,1772555040000,1772630040,1772630040000,0,1,0,0,4,10012026,57,0,,0.01,0.01,1.15743,1.1644299999999999,1.15243,1.16452,0.0,EURUSD,Tester sell,0
58,1772558220,1772558220000,1772561700,1772561700000,0,0,0,0,4,10012026,58,0,,0.16,0.16,1.15412,1.1471200000000001,1.15912,1.15917,0.0,EURUSD,Tester buy,0
59,1772561700,1772561700000,1772626080,1772626080000,0,0,0,0,4,10012026,59,0,,0.01,0.01,1.15917,1.1521700000000001,1.16417,1.16432,0.0,EURUSD,Tester buy,0
60,1772626080,1772626080000,1772732220,1772732220000,0,0,0,0,4,10012026,60,0,,0.01,0.01,1.16432,1.1573200000000001,1.16932,1.15716,0.0,EURUSD,Tester buy,0
61,1772630040,1772630040000,1772697480,1772697480000,0,1,0,0,4,10012026,61,0,,0.02,0.02,1.16452,1.17152,1.15952,1.15946,0.0,EURUSD,Tester sell,0
62,1772697480,1772697480000,1773018240,1773018240000,0,1,0,0,4,10012026,62,0,,0.01,0.01,1.15946,1.1664599999999998,1.15446,1.15426,0.0,EURUSD,Tester sell,0
63,1772732220,1772732220000,1773096240,1773096240000,0,0,0,0,4,10012026,63,0,,0.02,0.02,1.15716,1.15016,1.1621599999999999,1.16238,0.0,EURUSD,Tester buy,0
64,1773018240,1773018240000,1773094860,1773094860000,0,1,0,0,4,10012026,64,0,,0.01,0.01,1.15426,1.16126,1.1492600000000002,1.16126,0.0,EURUSD,Tester sell,0
65,1773094860,1773094860000,1773278820,1773278820000,0,1,0,0,4,10012026,65,0,,0.02,0.02,1.16126,1.1682599999999999,1.15626,1.15607,0.0,EURUSD,Tester sell,0
66,1773096240,1773096240000,1773279600,1773279600000,0,0,0,0,4,10012026,66,0,,0.01,0.01,1.16238,1.15538,1.1673799999999999,1.15536,0.0,EURUSD,Tester buy,0
67,1773278820,1773278820000,1773358080,1773358080000,0,1,0,0,4,10012026,67,0,,0.01,0.01,1.15607,1.1630699999999998,1.15107,1.15107,0.0,EURUSD,Tester sell,0
68,1773279600,1773279600000,1773395940,1773395940000,0,0,0,0,4,10012026,68,0,,0.02,0.02,1.15536,1.14836,1.1603599999999998,1.14828,0.0,EURUSD,Tester buy,0
69,1773358080,1773358080000,1773398820,1773398820000,0,1,0,0,4,10012026,69,0,,0.01,0.01,1.15107,1.15807,1.1460700000000001,1.14588,0.0,EURUSD,Tester sell,0
70,1773395940,1773395940000,1773444780,1773444780000,0,0,0,0,4,10012026,70,0,,0.04,0.04,1.14829,1.1412900000000001,1.15329,1.14126,0.0,EURUSD,Tester buy,0
71,1773398820,1773398820000,1773763260,1773763260000,0,1,0,0,4,10012026,71,0,,0.01,0.01,1.14588,1.15288,1.1408800000000001,1.15313,0.0,EURUSD,Tester sell,0
72,1773444780,1773444780000,1773667020,1773667020000,0,0,0,0,4,10012026,72,0,,0.08,0.08,1.14127,1.1342700000000001,1.14627,1.14644,0.0,EURUSD,Tester buy,0
73,1773667020,1773667020000,1773696300,1773696300000,0,0,0,0,4,10012026,73,0,,0.01,0.01,1.14644,1.13944,1.1514399999999998,1.1516899999999999,0.0,EURUSD,Tester buy,0
74,1773696300,1773696300000,1773918360,1773918360000,0,0,0,0,4,10012026,74,0,,0.01,0.01,1.1516899999999999,1.14469,1.1566899999999998,1.14461,0.0,EURUSD,Tester buy,0
75,1773763260,1773763260000,1773871020,1773871020000,0,1,0,0,4,10012026,75,0,,0.02,0.02,1.15313,1.1601299999999999,1.14813,1.14805,0.0,EURUSD,Tester sell,0
76,1773871020,1773871020000,1773951660,1773951660000,0,1,0,0,4,10012026,76,0,,0.01,0.01,1.14805,1.15505,1.1430500000000001,1.15514,0.0,EURUSD,Tester sell,0
77,1773918360,1773918360000,1773937140,1773937140000,0,0,0,0,4,10012026,77,0,,0.02,0.02,1.14461,1.13761,1.1496099999999998,1.14969,0.0,EURUSD,Tester buy,0
78,1773937140,1773937140000,1773951360,1773951360000,0,0,0,0,4,10012026,78,0,,0.01,0.01,1.1497000000000002,1.1427000000000003,1.1547,1.15477,0.0,EURUSD,Tester buy,0
79,1773951360,1773951360000,1773957960,1773957960000,0,0,0,0,4,10012026,79,0,,0.01,0.01,1.15477,1.1477700000000002,1.15977,1.16072,0.0,EURUSD,Tester buy,0
80,1773951660,1773951660000,1774269840,1774269840000,0,1,0,0,4,10012026,80,0,,0.02,0.02,1.15514,1.16214,1.1501400000000002,1.14992,0.0,EURUSD,Tester sell,0
81,1773957960,1773957960000,1774012140,1774012140000,0,0,0,0,4,10012026,81,0,,0.01,0.01,1.16073,1.1537300000000001,1.16573,1.15367,0.0,EURUSD,Tester buy,0
82,1774012140,1774012140000,1774274760,1774274760000,0,0,0,0,4,10012026,82,0,,0.02,0.02,1.15367,1.14667,1.1586699999999999,1.16137,0.0,EURUSD,Tester buy,0
83,1774269840,1774269840000,1774274700,1774274700000,0,1,0,0,4,10012026,83,0,,0.01,0.01,1.14992,1.15692,1.1449200000000002,1.15778,0.0,EURUSD,Tester sell,0
84,1774274700,1774274700000,1774536780,1774536780000,0,1,0,0,4,10012026,84,0,,0.02,0.02,1.15778,1.16478,1.1527800000000001,1.15278,0.0,EURUSD,Tester sell,0
85,1774274760,1774274760000,1774275600,1774275600000,0,0,0,0,4,10012026,85,0,,0.01,0.01,1.16137,1.1543700000000001,1.16637,1.15312,0.0,EURUSD,Tester buy,0
86,1774275600,1774275600000,1774276260,1774276260000,0,0,0,0,4,10012026,86,0,,0.02,0.02,1.15312,1.14612,1.1581199999999998,1.15822,0.0,EURUSD,Tester buy,0
87,1774276260,1774276260000,1774287120,1774287120000,0,0,0,0,4,10012026,87,0,,0.01,0.01,1.15822,1.1512200000000001,1.16322,1.16327,0.0,EURUSD,Tester buy,0
88,1774287120,1774287120000,1774382700,1774382700000,0,0,0,0,4,10012026,88,0,,0.01,0.01,1.16327,1.1562700000000001,1.16827,1.15609,0.0,EURUSD,Tester buy,0
89,1774382700,1774382700000,1774394580,1774394580000,0,0,0,0,4,10012026,89,0,,0.02,0.02,1.1561000000000001,1.1491000000000002,1.1611,1.16125,0.0,EURUSD,Tester buy,0
90,1774394580,1774394580000,1774535580,1774535580000,0,0,0,0,4,10012026,90,0,,0.01,0.01,1.16126,1.15426,1.1662599999999999,1.15426,0.0,EURUSD,Tester buy,0
91,1774535580,1774535580000,1774888800,1774888800000,0,0,0,0,4,10012026,91,0,,0.02,0.02,1.15426,1.1472600000000002,1.15926,1.14704,0.0,EURUSD,Tester buy,0
92,1774536780,1774536780000,1774883520,1774883520000,0,1,0,0,4,10012026,92,0,,0.01,0.01,1.15278,1.1597799999999998,1.14778,1.14772,0.0,EURUSD,Tester sell,0
93,1774883520,1774883520000,1774986000,1774986000000,0,1,0,0,4,10012026,93,0,,0.01,0.01,1.14772,1.15472,1.1427200000000002,1.15506,0.0,EURUSD,Tester sell,0
94,1774888800,1774888800000,1774975860,1774975860000,0,0,0,0,4,10012026,94,0,,0.04,0.04,1.1470500000000001,1.1400500000000002,1.15205,1.15225,0.0,EURUSD,Tester buy,0
95,1774975860,1774975860000,1775012160,1775012160000,0,0,0,0,4,10012026,95,0,,0.01,0.01,1.15225,1.14525,1.15725,1.1573,0.0,EURUSD,Tester buy,0
96,1774986000,1774986000000,1775061180,1775061180000,0,1,0,0,4,10012026,96,0,,0.02,0.02,1.15505,1.1620499999999998,1.15005,1.16222,0.0,EURUSD,Tester sell,0
97,1775012160,1775012160000,1775065740,1775065740000,0,0,0,0,4,10012026,97,0,,0.01,0.01,1.1573,1.1503,1.1622999999999999,1.16241,0.0,EURUSD,Tester buy,0
98,1775061180,1775061180000,1775103420,1775103420000,0,1,0,0,4,10012026,98,0,,0.04,0.04,1.16222,1.16922,1.1572200000000001,1.15704,0.0,EURUSD,Tester sell,0
99,1775065740,1775065740000,1775104320,1775104320000,0,0,0,0,4,10012026,99,0,,0.01,0.01,1.16241,1.15541,1.1674099999999998,1.15491,0.0,EURUSD,Tester buy,0
100,1775103420,1775103420000,1775121180,1775121180000,0,1,0,0,4,10012026,100,0,,0.01,0.01,1.15704,1.16404,1.1520400000000002,1.15191,0.0,EURUSD,Tester sell,0
101,1775104320,1775104320000,1775602020,1775602020000,0,0,0,0,4,10012026,101,0,,0.02,0.02,1.15491,1.1479100000000002,1.15991,1.15999,0.0,EURUSD,Tester buy,0
102,1775121180,1775121180000,1775601900,1775601900000,0,1,0,0,4,10012026,102,0,,0.01,0.01,1.15191,1.1589099999999999,1.14691,1.1594,0.0,EURUSD,Tester sell,0
103,1775601900,1775601900000,1775613420,1775613420000,0,1,0,0,4,10012026,103,0,,0.02,0.02,1.1594,1.1663999999999999,1.1544,1.16659,0.0,EURUSD,Tester sell,0
104,1775602020,1775602020000,1775613180,1775613180000,0,0,0,0,4,10012026,104,0,,0.01,0.01,1.1600000000000001,1.1530000000000002,1.165,1.16525,0.0,EURUSD,Tester buy,0
105,1775613180,1775613180000,1775638260,1775638260000,0,0,0,0,4,10012026,105,0,,0.01,0.01,1.16525,1.15825,1.1702499999999998,1.17033,0.0,EURUSD,Tester buy,0
106,1775613420,1775613420000,1775841540,1775841540000,0,1,0,0,4,10012026,106,0,,0.04,0.04,1.16659,1.17359,1.1615900000000001,1.17359,0.0,EURUSD,Tester sell,0
107,1775638260,1775638260000,1776116880,1776116880000,0,0,0,0,4,10012026,107,0,,0.01,0.01,1.17033,1.1633300000000002,1.17533,1.17542,0.0,EURUSD,Tester buy,0
108,1775841540,1775841540000,1776038400,1776038400000,0,1,0,0,4,10012026,108,0,,0.08,0.08,1.17359,1.1805899999999998,1.16859,1.16743,0.0,EURUSD,Tester sell,0
109,1776038400,1776038400000,1776115860,1776115860000,0,1,0,0,4,10012026,109,0,,0.01,0.01,1.16698,1.1739799999999998,1.16198,1.17455,0.0,EURUSD,Tester sell,0
110,1776115860,1776115860000,1776318180,1776318180000,0,1,0,0,4,10012026,110,0,,0.02,0.02,1.17455,1.1815499999999999,1.16955,1.1816,0.0,EURUSD,Tester sell,0
111,1776116880,1776116880000,1776178680,1776178680000,0,0,0,0,4,10012026,111,0,,0.01,0.01,1.17542,1.16842,1.1804199999999998,1.18046,0.0,EURUSD,Tester buy,0
112,1776178680,1776178680000,1776645360,1776645360000,0,0,0,0,4,10012026,112,0,,0.01,0.01,1.18046,1.1734600000000002,1.18546,1.17344,0.0,EURUSD,Tester buy,0
113,1776318180,1776318180000,1776468540,1776468540000,0,1,0,0,4,10012026,113,0,,0.04,0.04,1.1816,1.1885999999999999,1.1766,1.17644,0.0,EURUSD,Tester sell,0
114,1776468540,1776468540000,1776883440,1776883440000,0,1,0,0,4,10012026,114,0,,0.01,0.01,1.17644,1.1834399999999998,1.17144,1.17139,0.0,EURUSD,Tester sell,0
115,1776645360,1776645360000,1776710280,1776710280000,0,0,0,0,4,10012026,115,0,,0.02,0.02,1.1737900000000001,1.1667900000000002,1.17879,1.17881,0.0,EURUSD,Tester buy,0
116,1776710280,1776710280000,1776880800,1776880800000,0,0,0,0,4,10012026,116,0,,0.01,0.01,1.17881,1.17181,1.1838099999999998,1.17175,0.0,EURUSD,Tester buy,0
117,1776880800,1776880800000,1777648980,1777648980000,0,0,0,0,4,10012026,117,0,,0.02,0.02,1.17175,1.1647500000000002,1.17675,1.17686,0.0,EURUSD,Tester buy,0
118,1776883440,1776883440000,1777499040,1777499040000,0,1,0,0,4,10012026,118,0,,0.01,0.01,1.17139,1.1783899999999998,1.16639,1.16639,0.0,EURUSD,Tester sell,0
119,1777499040,1777499040000,1777572660,1777572660000,0,1,0,0,4,10012026,119,0,,0.01,0.01,1.16639,1.17339,1.1613900000000001,1.17348,0.0,EURUSD,Tester sell,0
120,1777572660,1777572660000,1777922100,1777922100000,0,1,0,0,4,10012026,120,0,,0.02,0.02,1.17348,1.18048,1.1684800000000002,1.16846,0.0,EURUSD,Tester sell,0
121,1777648980,1777648980000,1777900080,1777900080000,0,0,0,0,4,10012026,121,0,,0.01,0.01,1.17686,1.1698600000000001,1.18186,1.16973,0.0,EURUSD,Tester buy,0
122,1777900080,1777900080000,1778067660,1778067660000,0,0,0,0,4,10012026,122,0,,0.02,0.02,1.16973,1.16273,1.1747299999999998,1.17478,0.0,EURUSD,Tester buy,0
123,1777922100,1777922100000,1778068200,1778068200000,0,1,0,0,4,10012026,123,0,,0.01,0.01,1.16846,1.17546,1.1634600000000002,1.17598,0.0,EURUSD,Tester sell,0
124,1778067660,1778067660000,1778781600,1778781600000,0,0,0,0,4,10012026,124,0,,0.01,0.01,1.17478,1.16778,1.1797799999999998,1.16769,0.0,EURUSD,Tester buy,0
125,1778068200,1778068200000,1778669640,1778669640000,0,1,0,0,4,10012026,125,0,,0.02,0.02,1.17598,1.18298,1.1709800000000001,1.17098,0.0,EURUSD,Tester sell,0
126,1778669640,1778669640000,1778814060,1778814060000,0,1,0,0,4,10012026,126,0,,0.01,0.01,1.17098,1.1779799999999998,1.16598,1.16597,0.0,EURUSD,Tester sell,0
127,1778781600,1778781600000,1779207780,1779207780000,0,0,0,0,4,10012026,127,0,,0.02,0.02,1.16769,1.16069,1.1726899999999998,1.16068,0.0,EURUSD,Tester buy,0
128,1778814060,1778814060000,1779076440,1779076440000,0,1,0,0,4,10012026,128,0,,0.01,0.01,1.16597,1.1729699999999998,1.16097,1.16087,0.0,EURUSD,Tester sell,0
129,1779076440,1779076440000,1780078980,1780078980000,0,1,0,0,4,10012026,129,0,,0.01,0.01,1.16087,1.16787,1.1558700000000002,1.16812,0.0,EURUSD,Tester sell,0
130,1779207780,1779207780000,1779895800,1779895800000,0,0,0,0,4,10012026,130,0,,0.04,0.04,1.16068,1.15368,1.1656799999999998,1.16595,0.0,EURUSD,Tester buy,0
131,1779895800,1779895800000,1779951300,1779951300000,0,0,0,0,4,10012026,131,0,,0.01,0.01,1.16595,1.1589500000000001,1.17095,1.15889,0.0,EURUSD,Tester buy,0
132,1779951300,1779951300000,1779984060,1779984060000,0,0,0,0,4,10012026,132,0,,0.02,0.02,1.15889,1.15189,1.1638899999999999,1.16397,0.0,EURUSD,Tester buy,0
133,1779984060,1779984060000,1780098960,1780098960000,0,0,0,0,4,10012026,133,0,,0.01,0.01,1.16397,1.15697,1.1689699999999998,1.16594,0.0,EURUSD,Tester buy,0
134,1780078980,1780078980000,1780098960,1780098960000,0,1,0,0,4,10012026,134,0,,0.02,0.02,1.16812,1.17512,1.1631200000000002,1.16599,0.0,EURUSD,Tester sell,0
