,ticket,order,time,time_msc,type,entry,magic,position_id,reason,volume,price,commission,swap,profit,fee,symbol,comment,external_id,balance
0,1,0,1767214800,1767214800000,2,0,0,0,,,,0.0,0.0,0.0,0.0,,,,1000.0
1,2,1,1767324600,1767324600000,1,0,25012026,1,5.0,0.01,1.17615,0.0,0.0,0.0,0.0,EURUSD,,0,1000.0
2,3,2,1767324600,1767324600000,1,0,25012026,2,5.0,0.01,1.34848,0.0,0.0,0.0,0.0,GBPUSD,,0,1000.0
3,4,3,1767324600,1767324600000,1,0,25012026,3,5.0,0.01,0.66912,0.0,0.0,0.0,0.0,AUDUSD,,0,1000.0
4,5,4,1767324600,1767324600000,0,0,25012026,4,5.0,0.01,1.3708500000000001,0.0,0.0,0.0,0.0,USDCAD,,0,1000.0
5,6,5,1767324600,1767324600000,0,0,25012026,5,5.0,0.01,0.79101,0.0,0.0,0.0,0.0,USDCHF,,0,1000.0
6,7,6,1767324660,1767324660000,0,0,25012026,6,5.0,0.01,1.17609,0.0,0.0,0.0,0.0,EURUSD,,0,1000.0
7,8,7,1767324660,1767324660000,0,0,25012026,7,5.0,0.01,1.3484800000000001,0.0,0.0,0.0,0.0,GBPUSD,,0,1000.0
8,9,8,1767324660,1767324660000,0,0,25012026,8,5.0,0.01,0.66906,0.0,0.0,0.0,0.0,AUDUSD,,0,1000.0
9,10,9,1767324660,1767324660000,0,0,25012026,9,5.0,0.01,156.599,0.0,0.0,0.0,0.0,USDJPY,,0,1000.0
10,11,10,1767324780,1767324780000,1,1,0,9,5.0,0.01,156.622,-0.2,0.0,23.0,0.0,USDJPY,TP hit,0,1023.0
11,12,11,1767324780,1767324780000,0,0,25012026,10,5.0,0.01,156.622,0.0,0.0,0.0,0.0,USDJPY,,0,1023.0
12,13,12,1767324840,1767324840000,1,1,0,10,5.0,0.01,156.644,-0.2,0.0,22.0,0.0,USDJPY,TP hit,0,1045.0
13,14,13,1767324840,1767324840000,0,0,25012026,11,5.0,0.01,156.644,0.0,0.0,0.0,0.0,USDJPY,,0,1045.0
14,15,14,1767324900,1767324900000,1,1,0,11,5.0,0.01,156.631,-0.2,0.0,-13.0,0.0,USDJPY,SL hit,0,1032.0
15,16,15,1767324900,1767324900000,0,0,25012026,12,5.0,0.01,156.631,0.0,0.0,0.0,0.0,USDJPY,,0,1032.0
16,17,16,1767324960,1767324960000,1,1,0,12,5.0,0.01,156.634,-0.2,0.0,3.0,0.0,USDJPY,TP hit,0,1035.0
17,18,17,1767324960,1767324960000,0,0,25012026,13,5.0,0.01,156.634,0.0,0.0,0.0,0.0,USDJPY,,0,1035.0
18,19,18,1767325020,1767325020000,1,1,0,13,5.0,0.01,156.653,-0.2,0.0,19.0,0.0,USDJPY,TP hit,0,1054.0
19,20,19,1767325020,1767325020000,0,0,25012026,14,5.0,0.01,156.653,0.0,0.0,0.0,0.0,USDJPY,,0,1054.0
20,21,20,1767325080,1767325080000,1,1,0,14,5.0,0.01,156.645,-0.2,0.0,-8.0,0.0,USDJPY,SL hit,0,1046.0
21,22,21,1767325080,1767325080000,0,0,25012026,15,5.0,0.01,156.645,0.0,0.0,0.0,0.0,USDJPY,,0,1046.0
22,23,22,1767325200,1767325200000,1,1,0,15,5.0,0.01,156.647,-0.2,0.0,2.0,0.0,USDJPY,TP hit,0,1048.0
23,24,23,1767325200,1767325200000,0,0,25012026,16,5.0,0.01,156.647,0.0,0.0,0.0,0.0,USDJPY,,0,1048.0
24,25,24,1767325320,1767325320000,1,1,0,16,5.0,0.01,156.635,-0.2,0.0,-12.0,0.0,USDJPY,SL hit,0,1036.0
25,26,25,1767325320,1767325320000,0,0,25012026,17,5.0,0.01,156.635,0.0,0.0,0.0,0.0,USDJPY,,0,1036.0
26,27,26,1767325440,1767325440000,1,1,0,17,5.0,0.01,156.647,-0.2,0.0,12.0,0.0,USDJPY,TP hit,0,1048.0
27,28,27,1767325440,1767325440000,0,0,25012026,18,5.0,0.01,156.647,0.0,0.0,0.0,0.0,USDJPY,,0,1048.0
28,29,28,1767325560,1767325560000,1,1,0,18,5.0,0.01,156.64,-0.2,0.0,-7.0,0.0,USDJPY,SL hit,0,1041.0
29,30,29,1767325560,1767325560000,0,0,25012026,19,5.0,0.01,156.64,0.0,0.0,0.0,0.0,USDJPY,,0,1041.0
30,31,30,1767325620,1767325620000,1,1,0,19,5.0,0.01,156.632,-0.2,0.0,-8.0,0.0,USDJPY,SL hit,0,1033.0
31,32,31,1767325620,1767325620000,0,0,25012026,20,5.0,0.01,156.632,0.0,0.0,0.0,0.0,USDJPY,,0,1033.0
32,33,32,1767325800,1767325800000,1,1,0,20,5.0,0.01,156.635,-0.2,0.0,3.0,0.0,USDJPY,TP hit,0,1036.0
33,34,33,1767325800,1767325800000,0,0,25012026,21,5.0,0.01,156.635,0.0,0.0,0.0,0.0,USDJPY,,0,1036.0
34,35,34,1767325860,1767325860000,1,1,0,21,5.0,0.01,156.631,-0.2,0.0,-4.0,0.0,USDJPY,SL hit,0,1032.0
35,36,35,1767325860,1767325860000,0,0,25012026,22,5.0,0.01,156.631,0.0,0.0,0.0,0.0,USDJPY,,0,1032.0
36,37,36,1767325920,1767325920000,1,1,0,22,5.0,0.01,156.634,-0.2,0.0,3.0,0.0,USDJPY,TP hit,0,1035.0
37,38,37,1767325920,1767325920000,0,0,25012026,23,5.0,0.01,156.634,0.0,0.0,0.0,0.0,USDJPY,,0,1035.0
38,39,38,1767325980,1767325980000,1,1,0,23,5.0,0.01,156.652,-0.2,0.0,18.0,0.0,USDJPY,TP hit,0,1053.0
39,40,39,1767325980,1767325980000,0,0,25012026,24,5.0,0.01,156.653,0.0,0.0,0.0,0.0,USDJPY,,0,1053.0
40,41,40,1767326040,1767326040000,1,1,0,24,5.0,0.01,156.647,-0.2,0.0,-6.0,0.0,USDJPY,SL hit,0,1047.0
41,42,41,1767326040,1767326040000,0,0,25012026,25,5.0,0.01,156.648,0.0,0.0,0.0,0.0,USDJPY,,0,1047.0
42,43,42,1767326100,1767326100000,1,1,0,25,5.0,0.01,156.644,-0.2,0.0,-4.0,0.0,USDJPY,SL hit,0,1043.0
43,44,43,1767326100,1767326100000,0,0,25012026,26,5.0,0.01,156.644,0.0,0.0,0.0,0.0,USDJPY,,0,1043.0
44,45,44,1767326160,1767326160000,1,1,0,26,5.0,0.01,156.632,-0.2,0.0,-12.0,0.0,USDJPY,SL hit,0,1031.0
45,46,45,1767326160,1767326160000,0,0,25012026,27,5.0,0.01,156.632,0.0,0.0,0.0,0.0,USDJPY,,0,1031.0
46,47,46,1767326220,1767326220000,1,1,0,27,5.0,0.01,156.644,-0.2,0.0,12.0,0.0,USDJPY,TP hit,0,1043.0
47,48,47,1767326220,1767326220000,0,0,25012026,28,5.0,0.01,156.644,0.0,0.0,0.0,0.0,USDJPY,,0,1043.0
48,49,48,1767326280,1767326280000,1,1,0,28,5.0,0.01,156.646,-0.2,0.0,2.0,0.0,USDJPY,TP hit,0,1045.0
49,50,49,1767326280,1767326280000,0,0,25012026,29,5.0,0.01,156.646,0.0,0.0,0.0,0.0,USDJPY,,0,1045.0
50,51,50,1767326340,1767326340000,1,1,0,29,5.0,0.01,156.634,-0.2,0.0,-12.0,0.0,USDJPY,SL hit,0,1033.0
51,52,51,1767326340,1767326340000,0,0,25012026,30,5.0,0.01,156.634,0.0,0.0,0.0,0.0,USDJPY,,0,1033.0
52,53,52,1767326400,1767326400000,1,1,0,30,5.0,0.01,156.629,-0.2,0.0,-5.0,0.0,USDJPY,SL hit,0,1028.0
53,54,53,1767326460,1767326460000,0,0,25012026,31,5.0,0.01,156.62,0.0,0.0,0.0,0.0,USDJPY,,0,1028.0
54,55,54,1767326520,1767326520000,1,1,0,31,5.0,0.01,156.622,-0.2,0.0,2.0,0.0,USDJPY,TP hit,0,1030.0
55,56,55,1767326520,1767326520000,0,0,25012026,32,5.0,0.01,156.622,0.0,0.0,0.0,0.0,USDJPY,,0,1030.0
56,57,56,1767326580,1767326580000,1,1,0,32,5.0,0.01,156.624,-0.2,0.0,2.0,0.0,USDJPY,TP hit,0,1032.0
57,58,57,1767326580,1767326580000,0,0,25012026,33,5.0,0.01,156.624,0.0,0.0,0.0,0.0,USDJPY,,0,1032.0
58,59,58,1767326640,1767326640000,1,1,0,33,5.0,0.01,156.615,-0.2,0.0,-9.0,0.0,USDJPY,SL hit,0,1023.0
59,60,59,1767326640,1767326640000,0,0,25012026,34,5.0,0.01,156.615,0.0,0.0,0.0,0.0,USDJPY,,0,1023.0
60,61,60,1767326700,1767326700000,1,1,0,34,5.0,0.01,156.607,-0.2,0.0,-8.0,0.0,USDJPY,SL hit,0,1015.0
61,62,61,1767326700,1767326700000,0,0,25012026,35,5.0,0.01,156.607,0.0,0.0,0.0,0.0,USDJPY,,0,1015.0
62,63,62,1767326760,1767326760000,1,1,0,35,5.0,0.01,156.596,-0.2,0.0,-11.0,0.0,USDJPY,SL hit,0,1004.0
63,64,63,1767326760,1767326760000,0,0,25012026,36,5.0,0.01,156.596,0.0,0.0,0.0,0.0,USDJPY,,0,1004.0
64,65,64,1767326820,1767326820000,1,1,0,36,5.0,0.01,156.611,-0.2,0.0,15.0,0.0,USDJPY,TP hit,0,1019.0
65,66,65,1767326820,1767326820000,0,0,25012026,37,5.0,0.01,156.611,0.0,0.0,0.0,0.0,USDJPY,,0,1019.0
66,67,66,1767326880,1767326880000,1,1,0,37,5.0,0.01,156.62,-0.2,0.0,9.0,0.0,USDJPY,TP hit,0,1028.0
67,68,67,1767326880,1767326880000,0,0,25012026,38,5.0,0.01,156.62,0.0,0.0,0.0,0.0,USDJPY,,0,1028.0
68,69,68,1767326940,1767326940000,1,1,0,38,5.0,0.01,156.613,-0.2,0.0,-7.0,0.0,USDJPY,SL hit,0,1021.0
69,70,69,1767326940,1767326940000,0,0,25012026,39,5.0,0.01,156.613,0.0,0.0,0.0,0.0,USDJPY,,0,1021.0
70,71,70,1767327060,1767327060000,1,1,0,39,5.0,0.01,156.609,-0.2,0.0,-4.0,0.0,USDJPY,SL hit,0,1017.0
71,72,71,1767327060,1767327060000,0,0,25012026,40,5.0,0.01,156.609,0.0,0.0,0.0,0.0,USDJPY,,0,1017.0
72,73,72,1767327120,1767327120000,1,1,0,40,5.0,0.01,156.62,-0.2,0.0,11.0,0.0,USDJPY,TP hit,0,1028.0
73,74,73,1767327120,1767327120000,0,0,25012026,41,5.0,0.01,156.62,0.0,0.0,0.0,0.0,USDJPY,,0,1028.0
74,75,74,1767327180,1767327180000,1,1,0,41,5.0,0.01,156.623,-0.2,0.0,3.0,0.0,USDJPY,TP hit,0,1031.0
75,76,75,1767327180,1767327180000,0,0,25012026,42,5.0,0.01,156.623,0.0,0.0,0.0,0.0,USDJPY,,0,1031.0
76,77,76,1767327240,1767327240000,1,1,0,42,5.0,0.01,156.612,-0.2,0.0,-11.0,0.0,USDJPY,SL hit,0,1020.0
77,78,77,1767327240,1767327240000,0,0,25012026,43,5.0,0.01,156.612,0.0,0.0,0.0,0.0,USDJPY,,0,1020.0
78,79,78,1767327300,1767327300000,1,1,0,43,5.0,0.01,156.609,-0.2,0.0,-3.0,0.0,USDJPY,SL hit,0,1017.0
79,80,79,1767327300,1767327300000,0,0,25012026,44,5.0,0.01,156.609,0.0,0.0,0.0,0.0,USDJPY,,0,1017.0
80,81,80,1767327360,1767327360000,1,1,0,44,5.0,0.01,156.622,-0.2,0.0,13.0,0.0,USDJPY,TP hit,0,1030.0
81,82,81,1767327360,1767327360000,0,0,25012026,45,5.0,0.01,156.622,0.0,0.0,0.0,0.0,USDJPY,,0,1030.0
82,83,82,1767327420,1767327420000,1,1,0,45,5.0,0.01,156.624,-0.2,0.0,2.0,0.0,USDJPY,TP hit,0,1032.0
83,84,83,1767327420,1767327420000,0,0,25012026,46,5.0,0.01,156.624,0.0,0.0,0.0,0.0,USDJPY,,0,1032.0
84,85,84,1767327480,1767327480000,1,1,0,46,5.0,0.01,156.617,-0.2,0.0,-7.0,0.0,USDJPY,SL hit,0,1025.0
85,86,85,1767327480,1767327480000,0,0,25012026,47,5.0,0.01,156.618,0.0,0.0,0.0,0.0,USDJPY,,0,1025.0
86,87,86,1767327540,1767327540000,1,1,0,47,5.0,0.01,156.613,-0.2,0.0,-5.0,0.0,USDJPY,SL hit,0,1020.0
87,88,87,1767327540,1767327540000,0,0,25012026,48,5.0,0.01,156.614,0.0,0.0,0.0,0.0,USDJPY,,0,1020.0
88,89,88,1767327720,1767327720000,1,1,0,48,5.0,0.01,156.616,-0.2,0.0,2.0,0.0,USDJPY,TP hit,0,1022.0
89,90,89,1767327720,1767327720000,0,0,25012026,49,5.0,0.01,156.616,0.0,0.0,0.0,0.0,USDJPY,,0,1022.0
90,91,90,1767327780,1767327780000,1,1,0,49,5.0,0.01,156.622,-0.2,0.0,6.0,0.0,USDJPY,TP hit,0,1028.0
91,92,91,1767327780,1767327780000,0,0,25012026,50,5.0,0.01,156.622,0.0,0.0,0.0,0.0,USDJPY,,0,1028.0
92,93,92,1767327840,1767327840000,1,1,0,50,5.0,0.01,156.611,-0.2,0.0,-11.0,0.0,USDJPY,SL hit,0,1017.0
93,94,93,1767327840,1767327840000,0,0,25012026,51,5.0,0.01,156.611,0.0,0.0,0.0,0.0,USDJPY,,0,1017.0
94,95,94,1767327900,1767327900000,1,1,0,51,5.0,0.01,156.605,-0.2,0.0,-6.0,0.0,USDJPY,SL hit,0,1011.0
95,96,95,1767327900,1767327900000,0,0,25012026,52,5.0,0.01,156.605,0.0,0.0,0.0,0.0,USDJPY,,0,1011.0
96,97,96,1767327960,1767327960000,1,1,0,52,5.0,0.01,156.61,-0.2,0.0,5.0,0.0,USDJPY,TP hit,0,1016.0
97,98,97,1767327960,1767327960000,0,0,25012026,53,5.0,0.01,156.61,0.0,0.0,0.0,0.0,USDJPY,,0,1016.0
98,99,98,1767328020,1767328020000,1,1,0,53,5.0,0.01,156.615,-0.2,0.0,5.0,0.0,USDJPY,TP hit,0,1021.0
99,100,99,1767328020,1767328020000,0,0,25012026,54,5.0,0.01,156.615,0.0,0.0,0.0,0.0,USDJPY,,0,1021.0
100,101,100,1767328080,1767328080000,1,1,0,54,5.0,0.01,156.611,-0.2,0.0,-4.0,0.0,USDJPY,SL hit,0,1017.0
101,102,101,1767328080,1767328080000,0,0,25012026,55,5.0,0.01,156.611,0.0,0.0,0.0,0.0,USDJPY,,0,1017.0
102,103,102,1767328200,1767328200000,1,1,0,55,5.0,0.01,156.619,-0.2,0.0,8.0,0.0,USDJPY,TP hit,0,1025.0
103,104,103,1767330840,1767330840000,1,1,0,8,4.0,0.01,0.66998,-0.2,0.0,0.92,0.0,AUDUSD,TP hit,0,1025.92
104,105,104,1767335520,1767335520000,1,1,0,5,5.0,0.01,0.79196,-0.2,0.0,0.95,0.0,USDCHF,TP hit,0,1026.8700000000001
105,106,105,1767336060,1767336060000,1,1,0,4,5.0,0.01,1.37169,-0.2,0.0,0.84,0.0,USDCAD,TP hit,0,1027.71
106,107,106,1767340080,1767340080000,0,1,0,1,5.0,0.01,1.1753,-0.2,0.0,0.85,0.0,EURUSD,TP hit,0,1028.56
107,108,107,1767340320,1767340320000,0,1,0,2,5.0,0.01,1.34728,-0.2,0.0,1.2,0.0,GBPUSD,TP hit,0,1029.76
108,109,108,1767340800,1767340800000,1,0,25012026,56,5.0,0.01,156.94,0.0,0.0,0.0,0.0,USDJPY,,0,1029.76
109,110,109,1767340800,1767340800000,1,0,25012026,57,5.0,0.01,0.7925,0.0,0.0,0.0,0.0,USDCHF,,0,1029.76
110,111,110,1767340860,1767340860000,1,1,0,7,5.0,0.01,1.34688,-0.2,0.0,-1.6,0.0,GBPUSD,SL hit,0,1028.16
111,112,111,1767340860,1767340860000,1,0,25012026,58,5.0,0.01,1.17502,0.0,0.0,0.0,0.0,EURUSD,,0,1028.16
112,113,112,1767340860,1767340860000,1,0,25012026,59,5.0,0.01,1.34688,0.0,0.0,0.0,0.0,GBPUSD,,0,1028.16
113,114,113,1767340860,1767340860000,1,0,25012026,60,5.0,0.01,1.3718,0.0,0.0,0.0,0.0,USDCAD,,0,1028.16
114,115,114,1767341880,1767341880000,1,1,0,6,5.0,0.01,1.17453,-0.2,0.0,-1.56,0.0,EURUSD,SL hit,0,1026.6000000000001
115,116,115,1767342120,1767342120000,0,1,0,58,5.0,0.01,1.17441,-0.2,0.0,0.61,0.0,EURUSD,TP hit,0,1027.21
116,117,116,1767342120,1767342120000,1,0,25012026,61,5.0,0.01,1.17441,0.0,0.0,0.0,0.0,EURUSD,,0,1027.21
117,118,117,1767344400,1767344400000,0,0,25012026,62,5.0,0.01,1.17431,0.0,0.0,0.0,0.0,EURUSD,,0,1027.21
118,119,118,1767344400,1767344400000,0,0,25012026,63,5.0,0.01,1.34677,0.0,0.0,0.0,0.0,GBPUSD,,0,1027.21
119,120,119,1767344580,1767344580000,0,1,0,60,5.0,0.01,1.3711,-0.2,0.0,0.7,0.0,USDCAD,TP hit,0,1027.91
120,121,120,1767344580,1767344580000,1,0,25012026,64,5.0,0.01,1.37109,0.0,0.0,0.0,0.0,USDCAD,,0,1027.91
121,122,121,1767345600,1767345600000,0,1,0,64,5.0,0.01,1.37038,-0.2,0.0,0.71,0.0,USDCAD,TP hit,0,1028.6200000000001
122,123,122,1767345600,1767345600000,1,0,25012026,65,5.0,0.01,1.3703699999999999,0.0,0.0,0.0,0.0,USDCAD,,0,1028.6200000000001
123,124,123,1767346200,1767346200000,0,1,0,61,5.0,0.01,1.17376,-0.2,0.0,0.65,0.0,EURUSD,TP hit,0,1029.2700000000002
124,125,124,1767346200,1767346200000,0,1,0,57,5.0,0.01,0.79347,-0.2,0.0,-0.97,0.0,USDCHF,SL hit,0,1028.3000000000002
125,126,125,1767346200,1767346200000,1,0,25012026,66,5.0,0.01,0.79345,0.0,0.0,0.0,0.0,USDCHF,,0,1028.3000000000002
126,127,126,1767346260,1767346260000,0,1,0,59,5.0,0.01,1.34617,-0.2,0.0,0.71,0.0,GBPUSD,TP hit,0,1029.0100000000002
127,128,127,1767346260,1767346260000,1,0,25012026,67,5.0,0.01,1.17349,0.0,0.0,0.0,0.0,EURUSD,,0,1029.0100000000002
128,129,128,1767346260,1767346260000,1,0,25012026,68,5.0,0.01,1.34616,0.0,0.0,0.0,0.0,GBPUSD,,0,1029.0100000000002
129,130,129,1767348840,1767348840000,0,1,0,3,5.0,0.01,0.67058,-0.2,0.0,-1.46,0.0,AUDUSD,SL hit,0,1027.5500000000002
130,131,130,1767348840,1767348840000,1,0,25012026,69,5.0,0.01,0.67057,0.0,0.0,0.0,0.0,AUDUSD,,0,1027.5500000000002
131,132,131,1767349020,1767349020000,1,1,0,62,5.0,0.01,1.17294,-0.2,0.0,-1.37,0.0,EURUSD,SL hit,0,1026.1800000000003
132,133,132,1767349080,1767349080000,0,1,0,68,5.0,0.01,1.34544,-0.2,0.0,0.72,0.0,GBPUSD,TP hit,0,1026.9000000000003
133,134,133,1767349080,1767349080000,0,1,0,67,5.0,0.01,1.1727,-0.2,0.0,0.79,0.0,EURUSD,TP hit,0,1027.6900000000003
134,135,134,1767349080,1767349080000,1,0,25012026,70,5.0,0.01,1.1727,0.0,0.0,0.0,0.0,EURUSD,,0,1027.6900000000003
135,136,135,1767349080,1767349080000,1,0,25012026,71,5.0,0.01,1.34543,0.0,0.0,0.0,0.0,GBPUSD,,0,1027.6900000000003
136,137,136,1767349140,1767349140000,1,1,0,63,5.0,0.01,1.3453300000000001,-0.2,0.0,-1.44,0.0,GBPUSD,SL hit,0,1026.2500000000002
137,138,137,1767349800,1767349800000,0,0,25012026,72,5.0,0.01,1.17285,0.0,0.0,0.0,0.0,EURUSD,,0,1026.2500000000002
138,139,138,1767349800,1767349800000,0,0,25012026,73,5.0,0.01,1.34573,0.0,0.0,0.0,0.0,GBPUSD,,0,1026.2500000000002
139,140,139,1767349860,1767349860000,0,1,0,65,5.0,0.01,1.3713700000000002,-0.2,0.0,-1.0,0.0,USDCAD,SL hit,0,1025.2500000000002
140,141,140,1767349860,1767349860000,1,0,25012026,74,5.0,0.01,1.3713600000000001,0.0,0.0,0.0,0.0,USDCAD,,0,1025.2500000000002
141,142,141,1767349980,1767349980000,0,1,0,69,5.0,0.01,0.66986,-0.2,0.0,0.71,0.0,AUDUSD,TP hit,0,1025.9600000000003
142,143,142,1767349980,1767349980000,1,0,25012026,75,5.0,0.01,0.66986,0.0,0.0,0.0,0.0,AUDUSD,,0,1025.9600000000003
143,144,143,1767352080,1767352080000,0,1,0,66,5.0,0.01,0.79264,-0.2,0.0,0.81,0.0,USDCHF,TP hit,0,1026.7700000000002
144,145,144,1767352740,1767352740000,0,1,0,56,5.0,0.01,156.802,-0.2,0.0,138.0,0.0,USDJPY,TP hit,0,1164.7700000000002
145,146,145,1767355200,1767355200000,1,0,25012026,76,5.0,0.01,0.7937,0.0,0.0,0.0,0.0,USDCHF,,0,1164.7700000000002
146,147,146,1767355260,1767355260000,1,0,25012026,77,5.0,0.01,156.907,0.0,0.0,0.0,0.0,USDJPY,,0,1164.7700000000002
147,148,147,1767355320,1767355320000,0,1,0,77,5.0,0.01,156.898,-0.2,0.0,9.0,0.0,USDJPY,TP hit,0,1173.7700000000002
148,149,148,1767355320,1767355320000,1,0,25012026,78,5.0,0.01,156.898,0.0,0.0,0.0,0.0,USDJPY,,0,1173.7700000000002
149,150,149,1767355380,1767355380000,0,1,0,78,5.0,0.01,156.907,-0.2,0.0,-9.0,0.0,USDJPY,SL hit,0,1164.7700000000002
150,151,150,1767355380,1767355380000,1,0,25012026,79,5.0,0.01,156.907,0.0,0.0,0.0,0.0,USDJPY,,0,1164.7700000000002
151,152,151,1767355500,1767355500000,0,1,0,79,5.0,0.01,156.92,-0.2,0.0,-13.0,0.0,USDJPY,SL hit,0,1151.7700000000002
152,153,152,1767355500,1767355500000,1,0,25012026,80,5.0,0.01,156.92,0.0,0.0,0.0,0.0,USDJPY,,0,1151.7700000000002
153,154,153,1767355560,1767355560000,0,1,0,80,5.0,0.01,156.898,-0.2,0.0,22.0,0.0,USDJPY,TP hit,0,1173.7700000000002
154,155,154,1767355560,1767355560000,1,0,25012026,81,5.0,0.01,156.898,0.0,0.0,0.0,0.0,USDJPY,,0,1173.7700000000002
155,156,155,1767355620,1767355620000,0,1,0,81,5.0,0.01,156.903,-0.2,0.0,-5.0,0.0,USDJPY,SL hit,0,1168.7700000000002
156,157,156,1767355620,1767355620000,1,0,25012026,82,5.0,0.01,156.903,0.0,0.0,0.0,0.0,USDJPY,,0,1168.7700000000002
157,158,157,1767355680,1767355680000,0,1,0,82,5.0,0.01,156.907,-0.2,0.0,-4.0,0.0,USDJPY,SL hit,0,1164.7700000000002
158,159,158,1767355680,1767355680000,1,0,25012026,83,5.0,0.01,156.907,0.0,0.0,0.0,0.0,USDJPY,,0,1164.7700000000002
159,160,159,1767355740,1767355740000,0,1,0,83,5.0,0.01,156.904,-0.2,0.0,3.0,0.0,USDJPY,TP hit,0,1167.7700000000002
160,161,160,1767355740,1767355740000,1,0,25012026,84,5.0,0.01,156.904,0.0,0.0,0.0,0.0,USDJPY,,0,1167.7700000000002
161,162,161,1767355800,1767355800000,0,1,0,84,5.0,0.01,156.923,-0.2,0.0,-19.0,0.0,USDJPY,SL hit,0,1148.7700000000002
162,163,162,1767355800,1767355800000,0,1,0,70,5.0,0.01,1.17176,-0.2,0.0,0.94,0.0,EURUSD,TP hit,0,1149.7100000000003
163,164,163,1767355800,1767355800000,1,0,25012026,85,5.0,0.01,1.17176,0.0,0.0,0.0,0.0,EURUSD,,0,1149.7100000000003
164,165,164,1767355800,1767355800000,1,0,25012026,86,5.0,0.01,156.923,0.0,0.0,0.0,0.0,USDJPY,,0,1149.7100000000003
165,166,165,1767355860,1767355860000,0,1,0,86,5.0,0.01,156.914,-0.2,0.0,9.0,0.0,USDJPY,TP hit,0,1158.7100000000003
166,167,166,1767355860,1767355860000,1,0,25012026,87,5.0,0.01,156.914,0.0,0.0,0.0,0.0,USDJPY,,0,1158.7100000000003
167,168,167,1767355920,1767355920000,0,1,0,87,5.0,0.01,156.903,-0.2,0.0,11.0,0.0,USDJPY,TP hit,0,1169.7100000000003
168,169,168,1767355920,1767355920000,1,0,25012026,88,5.0,0.01,156.903,0.0,0.0,0.0,0.0,USDJPY,,0,1169.7100000000003
169,170,169,1767355980,1767355980000,0,1,0,88,5.0,0.01,156.913,-0.2,0.0,-10.0,0.0,USDJPY,SL hit,0,1159.7100000000003
170,171,170,1767355980,1767355980000,1,0,25012026,89,5.0,0.01,156.913,0.0,0.0,0.0,0.0,USDJPY,,0,1159.7100000000003
171,172,171,1767356040,1767356040000,0,1,0,89,5.0,0.01,156.924,-0.2,0.0,-11.0,0.0,USDJPY,SL hit,0,1148.7100000000003
172,173,172,1767356040,1767356040000,1,0,25012026,90,5.0,0.01,156.923,0.0,0.0,0.0,0.0,USDJPY,,0,1148.7100000000003
173,174,173,1767356100,1767356100000,0,1,0,90,5.0,0.01,156.914,-0.2,0.0,9.0,0.0,USDJPY,TP hit,0,1157.7100000000003
174,175,174,1767356100,1767356100000,1,0,25012026,91,5.0,0.01,156.914,0.0,0.0,0.0,0.0,USDJPY,,0,1157.7100000000003
175,176,175,1767356160,1767356160000,0,1,0,91,5.0,0.01,156.917,-0.2,0.0,-3.0,0.0,USDJPY,SL hit,0,1154.7100000000003
176,177,176,1767356160,1767356160000,1,0,25012026,92,5.0,0.01,156.917,0.0,0.0,0.0,0.0,USDJPY,,0,1154.7100000000003
177,178,177,1767356220,1767356220000,0,1,0,92,5.0,0.01,156.871,-0.2,0.0,46.0,0.0,USDJPY,TP hit,0,1200.7100000000003
178,179,178,1767356220,1767356220000,1,0,25012026,93,5.0,0.01,156.871,0.0,0.0,0.0,0.0,USDJPY,,0,1200.7100000000003
179,180,179,1767356280,1767356280000,0,1,0,93,5.0,0.01,156.89000000000001,-0.2,0.0,-19.0,0.0,USDJPY,SL hit,0,1181.7100000000003
180,181,180,1767356280,1767356280000,1,0,25012026,94,5.0,0.01,156.889,0.0,0.0,0.0,0.0,USDJPY,,0,1181.7100000000003
181,182,181,1767356340,1767356340000,0,1,0,94,5.0,0.01,156.885,-0.2,0.0,4.0,0.0,USDJPY,TP hit,0,1185.7100000000003
182,183,182,1767356340,1767356340000,1,0,25012026,95,5.0,0.01,156.885,0.0,0.0,0.0,0.0,USDJPY,,0,1185.7100000000003
183,184,183,1767356400,1767356400000,0,1,0,95,5.0,0.01,156.872,-0.2,0.0,13.0,0.0,USDJPY,TP hit,0,1198.7100000000003
184,185,184,1767356400,1767356400000,1,0,25012026,96,5.0,0.01,156.872,0.0,0.0,0.0,0.0,USDJPY,,0,1198.7100000000003
185,186,185,1767356520,1767356520000,0,1,0,96,5.0,0.01,156.838,-0.2,0.0,34.0,0.0,USDJPY,TP hit,0,1232.7100000000003
186,187,186,1767356520,1767356520000,1,0,25012026,97,5.0,0.01,156.837,0.0,0.0,0.0,0.0,USDJPY,,0,1232.7100000000003
187,188,187,1767356640,1767356640000,0,1,0,97,5.0,0.01,156.824,-0.2,0.0,13.0,0.0,USDJPY,TP hit,0,1245.7100000000003
188,189,188,1767356640,1767356640000,1,0,25012026,98,5.0,0.01,156.824,0.0,0.0,0.0,0.0,USDJPY,,0,1245.7100000000003
189,190,189,1767356700,1767356700000,0,1,0,98,5.0,0.01,156.819,-0.2,0.0,5.0,0.0,USDJPY,TP hit,0,1250.7100000000003
190,191,190,1767356700,1767356700000,1,0,25012026,99,5.0,0.01,156.819,0.0,0.0,0.0,0.0,USDJPY,,0,1250.7100000000003
191,192,191,1767356760,1767356760000,0,1,0,99,5.0,0.01,156.83100000000002,-0.2,0.0,-12.0,0.0,USDJPY,SL hit,0,1238.7100000000003
192,193,192,1767356760,1767356760000,1,0,25012026,100,5.0,0.01,156.83,0.0,0.0,0.0,0.0,USDJPY,,0,1238.7100000000003
193,194,193,1767356820,1767356820000,0,1,0,100,5.0,0.01,156.842,-0.2,0.0,-12.0,0.0,USDJPY,SL hit,0,1226.7100000000003
194,195,194,1767356820,1767356820000,1,0,25012026,101,5.0,0.01,156.842,0.0,0.0,0.0,0.0,USDJPY,,0,1226.7100000000003
195,196,195,1767356880,1767356880000,0,1,0,101,4.0,0.01,156.841,-0.2,0.0,1.0,0.0,USDJPY,TP hit,0,1227.7100000000003
196,197,196,1767356880,1767356880000,1,1,0,72,5.0,0.01,1.17138,-0.2,0.0,-1.47,0.0,EURUSD,SL hit,0,1226.2400000000002
197,198,197,1767356880,1767356880000,1,0,25012026,102,5.0,0.01,156.841,0.0,0.0,0.0,0.0,USDJPY,,0,1226.2400000000002
198,199,198,1767356940,1767356940000,0,1,0,102,5.0,0.01,156.867,-0.2,0.0,-26.0,0.0,USDJPY,SL hit,0,1200.2400000000002
199,200,199,1767356940,1767356940000,0,1,0,71,5.0,0.01,1.34458,-0.2,0.0,0.85,0.0,GBPUSD,TP hit,0,1201.0900000000001
200,201,200,1767356940,1767356940000,1,0,25012026,103,5.0,0.01,1.34457,0.0,0.0,0.0,0.0,GBPUSD,,0,1201.0900000000001
201,202,201,1767356940,1767356940000,1,0,25012026,104,5.0,0.01,156.867,0.0,0.0,0.0,0.0,USDJPY,,0,1201.0900000000001
202,203,202,1767357000,1767357000000,0,1,0,104,5.0,0.01,156.842,-0.2,0.0,25.0,0.0,USDJPY,TP hit,0,1226.0900000000001
203,204,203,1767357000,1767357000000,0,0,25012026,105,5.0,0.01,1.17155,0.0,0.0,0.0,0.0,EURUSD,,0,1226.0900000000001
204,205,204,1767359820,1767359820000,0,1,0,75,5.0,0.01,0.66911,-0.2,0.0,0.75,0.0,AUDUSD,TP hit,0,1226.8400000000001
205,206,205,1767360060,1767360060000,1,1,0,73,5.0,0.01,1.34392,-0.2,0.0,-1.81,0.0,GBPUSD,SL hit,0,1225.0300000000002
206,207,206,1767360240,1767360240000,0,1,0,103,5.0,0.01,1.3435700000000002,-0.2,0.0,1.0,0.0,GBPUSD,TP hit,0,1226.0300000000002
207,208,207,1767360600,1767360600000,0,0,25012026,106,5.0,0.01,1.34356,0.0,0.0,0.0,0.0,GBPUSD,,0,1226.0300000000002
208,209,208,1767361020,1767361020000,0,1,0,74,5.0,0.01,1.3725900000000002,-0.2,0.0,-1.23,0.0,USDCAD,SL hit,0,1224.8000000000002
209,210,209,1767363000,1767363000000,0,1,0,76,5.0,0.01,0.7927500000000001,-0.2,0.0,0.95,0.0,USDCHF,TP hit,0,1225.7500000000002
210,211,210,1767364200,1767364200000,1,0,25012026,107,5.0,0.01,1.37293,0.0,0.0,0.0,0.0,USDCAD,,0,1225.7500000000002
211,212,211,1767367080,1767367080000,1,1,0,106,5.0,0.01,1.34516,-0.2,0.0,1.6,0.0,GBPUSD,TP hit,0,1227.3500000000001
212,213,212,1767367380,1767367380000,1,1,0,105,5.0,0.01,1.17288,-0.2,0.0,1.33,0.0,EURUSD,TP hit,0,1228.68
213,214,213,1767371400,1767371400000,0,0,25012026,108,5.0,0.01,0.79243,0.0,0.0,0.0,0.0,USDCHF,,0,1228.68
214,215,214,1767371460,1767371460000,0,0,25012026,109,5.0,0.01,1.17259,0.0,0.0,0.0,0.0,EURUSD,,0,1228.68
215,216,215,1767371460,1767371460000,0,0,25012026,110,5.0,0.01,1.34593,0.0,0.0,0.0,0.0,GBPUSD,,0,1228.68
216,217,216,1767371460,1767371460000,0,0,25012026,111,5.0,0.01,0.6691199999999999,0.0,0.0,0.0,0.0,AUDUSD,,0,1228.68
217,218,217,1767371460,1767371460000,0,0,25012026,112,5.0,0.01,156.872,0.0,0.0,0.0,0.0,USDJPY,,0,1228.68
218,219,218,1767371460,1767371460000,0,0,25012026,113,5.0,0.01,1.3738599999999999,0.0,0.0,0.0,0.0,USDCAD,,0,1228.68
219,220,219,1767371520,1767371520000,1,1,0,112,5.0,0.01,156.869,-0.2,0.0,-3.0,0.0,USDJPY,SL hit,0,1225.68
220,221,220,1767371520,1767371520000,0,0,25012026,114,5.0,0.01,156.871,0.0,0.0,0.0,0.0,USDJPY,,0,1225.68
221,222,221,1767371580,1767371580000,1,1,0,114,5.0,0.01,156.882,-0.2,0.0,11.0,0.0,USDJPY,TP hit,0,1236.68
222,223,222,1767371580,1767371580000,0,0,25012026,115,5.0,0.01,156.883,0.0,0.0,0.0,0.0,USDJPY,,0,1236.68
223,224,223,1767371640,1767371640000,1,1,0,115,5.0,0.01,156.869,-0.2,0.0,-14.0,0.0,USDJPY,SL hit,0,1222.68
224,225,224,1767371640,1767371640000,0,0,25012026,116,5.0,0.01,156.869,0.0,0.0,0.0,0.0,USDJPY,,0,1222.68
225,226,225,1767371700,1767371700000,1,1,0,116,5.0,0.01,156.836,-0.2,0.0,-33.0,0.0,USDJPY,SL hit,0,1189.68
226,227,226,1767371700,1767371700000,0,0,25012026,117,5.0,0.01,156.83700000000002,0.0,0.0,0.0,0.0,USDJPY,,0,1189.68
227,228,227,1767371760,1767371760000,1,1,0,117,5.0,0.01,156.826,-0.2,0.0,-11.0,0.0,USDJPY,SL hit,0,1178.68
228,229,228,1767371760,1767371760000,0,0,25012026,118,5.0,0.01,156.828,0.0,0.0,0.0,0.0,USDJPY,,0,1178.68
229,230,229,1767371820,1767371820000,1,1,0,118,5.0,0.01,156.836,-0.2,0.0,8.0,0.0,USDJPY,TP hit,0,1186.68
230,231,230,1767371820,1767371820000,0,0,25012026,119,5.0,0.01,156.83800000000002,0.0,0.0,0.0,0.0,USDJPY,,0,1186.68
231,232,231,1767371880,1767371880000,1,1,0,119,5.0,0.01,156.833,-0.2,0.0,-5.0,0.0,USDJPY,SL hit,0,1181.68
232,233,232,1767371880,1767371880000,0,0,25012026,120,5.0,0.01,156.834,0.0,0.0,0.0,0.0,USDJPY,,0,1181.68
233,234,233,1767371940,1767371940000,1,1,0,120,5.0,0.01,156.87,-0.2,0.0,36.0,0.0,USDJPY,TP hit,0,1217.68
234,235,234,1767371940,1767371940000,0,0,25012026,121,5.0,0.01,156.872,0.0,0.0,0.0,0.0,USDJPY,,0,1217.68
235,236,235,1767372000,1767372000000,1,1,0,121,5.0,0.01,156.87,-0.2,0.0,-2.0,0.0,USDJPY,SL hit,0,1215.68
236,237,236,1767372000,1767372000000,0,0,25012026,122,5.0,0.01,156.872,0.0,0.0,0.0,0.0,USDJPY,,0,1215.68
237,238,237,1767372060,1767372060000,1,1,0,122,5.0,0.01,156.86,-0.2,0.0,-12.0,0.0,USDJPY,SL hit,0,1203.68
238,239,238,1767372060,1767372060000,0,0,25012026,123,5.0,0.01,156.86200000000002,0.0,0.0,0.0,0.0,USDJPY,,0,1203.68
239,240,239,1767372120,1767372120000,1,1,0,123,5.0,0.01,156.857,-0.2,0.0,-5.0,0.0,USDJPY,SL hit,0,1198.68
240,241,240,1767372120,1767372120000,0,0,25012026,124,5.0,0.01,156.858,0.0,0.0,0.0,0.0,USDJPY,,0,1198.68
241,242,241,1767372180,1767372180000,1,1,0,124,5.0,0.01,156.843,-0.2,0.0,-15.0,0.0,USDJPY,SL hit,0,1183.68
242,243,242,1767372180,1767372180000,0,0,25012026,125,5.0,0.01,156.843,0.0,0.0,0.0,0.0,USDJPY,,0,1183.68
243,244,243,1767372240,1767372240000,1,1,0,125,5.0,0.01,156.859,-0.2,0.0,16.0,0.0,USDJPY,TP hit,0,1199.68
244,245,244,1767372240,1767372240000,0,0,25012026,126,5.0,0.01,156.859,0.0,0.0,0.0,0.0,USDJPY,,0,1199.68
245,246,245,1767372360,1767372360000,1,1,0,126,5.0,0.01,156.839,-0.2,0.0,-20.0,0.0,USDJPY,SL hit,0,1179.68
246,247,246,1767372360,1767372360000,0,0,25012026,127,5.0,0.01,156.839,0.0,0.0,0.0,0.0,USDJPY,,0,1179.68
247,248,247,1767372420,1767372420000,1,1,0,127,5.0,0.01,156.845,-0.2,0.0,6.0,0.0,USDJPY,TP hit,0,1185.68
248,249,248,1767372420,1767372420000,0,0,25012026,128,5.0,0.01,156.845,0.0,0.0,0.0,0.0,USDJPY,,0,1185.68
249,250,249,1767372480,1767372480000,1,1,0,128,5.0,0.01,156.834,-0.2,0.0,-11.0,0.0,USDJPY,SL hit,0,1174.68
250,251,250,1767372480,1767372480000,0,0,25012026,129,5.0,0.01,156.834,0.0,0.0,0.0,0.0,USDJPY,,0,1174.68
251,252,251,1767372540,1767372540000,1,1,0,129,5.0,0.01,156.814,-0.2,0.0,-20.0,0.0,USDJPY,SL hit,0,1154.68
252,253,252,1767372540,1767372540000,0,0,25012026,130,5.0,0.01,156.814,0.0,0.0,0.0,0.0,USDJPY,,0,1154.68
253,254,253,1767372600,1767372600000,1,1,0,130,5.0,0.01,156.846,-0.2,0.0,32.0,0.0,USDJPY,TP hit,0,1186.68
254,255,254,1767372600,1767372600000,0,0,25012026,131,5.0,0.01,156.846,0.0,0.0,0.0,0.0,USDJPY,,0,1186.68
255,256,255,1767372720,1767372720000,1,1,0,131,5.0,0.01,156.861,-0.2,0.0,15.0,0.0,USDJPY,TP hit,0,1201.68
256,257,256,1767372720,1767372720000,0,0,25012026,132,5.0,0.01,156.862,0.0,0.0,0.0,0.0,USDJPY,,0,1201.68
257,258,257,1767372780,1767372780000,1,1,0,132,5.0,0.01,156.865,-0.2,0.0,3.0,0.0,USDJPY,TP hit,0,1204.68
258,259,258,1767372780,1767372780000,0,0,25012026,133,5.0,0.01,156.865,0.0,0.0,0.0,0.0,USDJPY,,0,1204.68
259,260,259,1767372960,1767372960000,1,1,0,133,5.0,0.01,156.88,-0.2,0.0,15.0,0.0,USDJPY,TP hit,0,1219.68
260,261,260,1767372960,1767372960000,0,0,25012026,134,5.0,0.01,156.88,0.0,0.0,0.0,0.0,USDJPY,,0,1219.68
261,262,261,1767373020,1767373020000,1,1,0,134,5.0,0.01,156.862,-0.2,0.0,-18.0,0.0,USDJPY,SL hit,0,1201.68
262,263,262,1767373020,1767373020000,0,0,25012026,135,5.0,0.01,156.862,0.0,0.0,0.0,0.0,USDJPY,,0,1201.68
263,264,263,1767373080,1767373080000,1,1,0,135,5.0,0.01,156.871,-0.2,0.0,9.0,0.0,USDJPY,TP hit,0,1210.68
264,265,264,1767373080,1767373080000,0,0,25012026,136,5.0,0.01,156.871,0.0,0.0,0.0,0.0,USDJPY,,0,1210.68
265,266,265,1767373140,1767373140000,1,1,0,136,5.0,0.01,156.853,-0.2,0.0,-18.0,0.0,USDJPY,SL hit,0,1192.68
266,267,266,1767373140,1767373140000,0,0,25012026,137,5.0,0.01,156.853,0.0,0.0,0.0,0.0,USDJPY,,0,1192.68
267,268,267,1767373200,1767373200000,1,1,0,137,5.0,0.01,156.865,-0.2,0.0,12.0,0.0,USDJPY,TP hit,0,1204.68
268,269,268,1767373200,1767373200000,1,0,25012026,138,5.0,0.01,1.34671,0.0,0.0,0.0,0.0,GBPUSD,,0,1204.68
269,270,269,1767373200,1767373200000,0,0,25012026,139,5.0,0.01,156.865,0.0,0.0,0.0,0.0,USDJPY,,0,1204.68
270,271,270,1767373320,1767373320000,0,1,0,85,5.0,0.01,1.17331,-0.2,0.0,-1.55,0.0,EURUSD,SL hit,0,1203.13
271,272,271,1767373500,1767373500000,1,1,0,110,5.0,0.01,1.34701,-0.2,0.0,1.08,0.0,GBPUSD,TP hit,0,1204.21
272,273,272,1767373500,1767373500000,0,0,25012026,140,5.0,0.01,1.34702,0.0,0.0,0.0,0.0,GBPUSD,,0,1204.21
273,274,273,1767374280,1767374280000,1,1,0,109,4.0,0.01,1.17366,-0.2,0.0,1.07,0.0,EURUSD,TP hit,0,1205.28
274,275,274,1767374280,1767374280000,0,0,25012026,141,5.0,0.01,1.17366,0.0,0.0,0.0,0.0,EURUSD,,0,1205.28
275,276,275,1767375000,1767375000000,1,0,25012026,142,5.0,0.01,1.17356,0.0,0.0,0.0,0.0,EURUSD,,0,1205.28
276,277,276,1767375300,1767375300000,1,1,0,140,5.0,0.01,1.3483399999999999,-0.2,0.0,1.32,0.0,GBPUSD,TP hit,0,1206.6
277,278,277,1767375300,1767375300000,0,0,25012026,143,5.0,0.01,1.34835,0.0,0.0,0.0,0.0,GBPUSD,,0,1206.6
278,279,278,1767376440,1767376440000,1,1,0,143,5.0,0.01,1.34957,-0.2,0.0,1.22,0.0,GBPUSD,TP hit,0,1207.82
279,280,279,1767376440,1767376440000,1,1,0,108,5.0,0.01,0.7905,-0.2,0.0,-1.93,0.0,USDCHF,SL hit,0,1205.8899999999999
280,281,280,1767376440,1767376440000,0,0,25012026,144,5.0,0.01,1.34958,0.0,0.0,0.0,0.0,GBPUSD,,0,1205.8899999999999
281,282,281,1767376440,1767376440000,0,0,25012026,145,5.0,0.01,0.79052,0.0,0.0,0.0,0.0,USDCHF,,0,1205.8899999999999
282,283,282,1767376500,1767376500000,1,1,0,141,5.0,0.01,1.17509,-0.2,0.0,1.43,0.0,EURUSD,TP hit,0,1207.32
283,284,283,1767376500,1767376500000,0,1,0,138,5.0,0.01,1.3499700000000001,-0.2,0.0,-3.26,0.0,GBPUSD,SL hit,0,1204.06
284,285,284,1767376500,1767376500000,0,0,25012026,146,5.0,0.01,1.17509,0.0,0.0,0.0,0.0,EURUSD,,0,1204.06
285,286,285,1767376680,1767376680000,1,1,0,139,5.0,0.01,156.58,-0.2,0.0,-285.0,0.0,USDJPY,SL hit,0,919.06
286,287,286,1767376680,1767376680000,0,0,25012026,147,5.0,0.01,156.58100000000002,0.0,0.0,0.0,0.0,USDJPY,,0,919.06
287,288,287,1767376740,1767376740000,1,1,0,147,5.0,0.01,156.59,-0.2,0.0,9.0,0.0,USDJPY,TP hit,0,928.06
288,289,288,1767376740,1767376740000,0,0,25012026,148,5.0,0.01,156.591,0.0,0.0,0.0,0.0,USDJPY,,0,928.06
289,290,289,1767376800,1767376800000,1,1,0,148,5.0,0.01,156.581,-0.2,0.0,-10.0,0.0,USDJPY,SL hit,0,918.06
290,291,290,1767376800,1767376800000,1,0,25012026,149,5.0,0.01,1.34977,0.0,0.0,0.0,0.0,GBPUSD,,0,918.06
291,292,291,1767376800,1767376800000,0,0,25012026,150,5.0,0.01,156.582,0.0,0.0,0.0,0.0,USDJPY,,0,918.06
292,293,292,1767379500,1767379500000,1,1,0,145,5.0,0.01,0.79168,-0.2,0.0,1.16,0.0,USDCHF,TP hit,0,919.2199999999999
293,294,293,1767379680,1767379680000,0,1,0,149,5.0,0.01,1.3477800000000002,-0.2,0.0,1.99,0.0,GBPUSD,TP hit,0,921.2099999999999
294,295,294,1767379800,1767379800000,1,1,0,144,5.0,0.01,1.34755,-0.2,0.0,-2.03,0.0,GBPUSD,SL hit,0,919.18
295,296,295,1767379860,1767379860000,1,1,0,150,5.0,0.01,156.764,-0.2,0.0,182.0,0.0,USDJPY,TP hit,0,1101.1799999999998
296,297,296,1767381840,1767381840000,1,1,0,146,5.0,0.01,1.17316,-0.2,0.0,-1.93,0.0,EURUSD,SL hit,0,1099.2499999999998
297,298,297,1767385860,1767385860000,0,1,0,142,5.0,0.01,1.17218,-0.2,0.0,1.38,0.0,EURUSD,TP hit,0,1100.6299999999999
298,299,298,1767387120,1767387120000,0,1,0,107,5.0,0.01,1.37477,-0.2,0.0,-1.84,0.0,USDCAD,SL hit,0,1098.79
299,300,299,1767571200,1767571200000,0,0,25012026,151,5.0,0.01,1.1730600000000002,0.0,0.0,0.0,0.0,EURUSD,,0,1098.79
300,301,300,1767571200,1767571200000,0,0,25012026,152,5.0,0.01,1.34626,0.0,0.0,0.0,0.0,GBPUSD,,0,1098.79
301,302,301,1767574860,1767574860000,1,1,0,151,5.0,0.01,1.17055,-0.2,0.0,-2.51,0.0,EURUSD,SL hit,0,1096.28
302,303,302,1767576600,1767576600000,0,0,25012026,153,5.0,0.01,1.17064,0.0,0.0,0.0,0.0,EURUSD,,0,1096.28
303,304,303,1767578400,1767578400000,1,0,25012026,154,5.0,0.01,156.962,0.0,0.0,0.0,0.0,USDJPY,,0,1096.28
304,305,304,1767581580,1767581580000,0,1,0,154,5.0,0.01,157.24,-0.2,0.0,-278.0,0.0,USDJPY,SL hit,0,818.28
305,306,305,1767582000,1767582000000,1,0,25012026,155,5.0,0.01,157.159,0.0,0.0,0.0,0.0,USDJPY,,0,818.28
306,307,306,1767584700,1767584700000,0,1,0,155,5.0,0.01,156.975,-0.2,0.0,184.0,0.0,USDJPY,TP hit,0,1002.28
307,308,307,1767585600,1767585600000,1,0,25012026,156,5.0,0.01,1.37473,0.0,0.0,0.0,0.0,USDCAD,,0,1002.28
308,309,308,1767585720,1767585720000,1,1,0,113,4.0,0.01,1.37493,-0.2,0.0,1.07,0.0,USDCAD,TP hit,0,1003.35
309,310,309,1767586920,1767586920000,1,1,0,152,5.0,0.01,1.34326,-0.2,0.0,-3.0,0.0,GBPUSD,SL hit,0,1000.35
310,311,310,1767587400,1767587400000,0,0,25012026,157,5.0,0.01,1.3431700000000002,0.0,0.0,0.0,0.0,GBPUSD,,0,1000.35
311,312,311,1767587820,1767587820000,1,1,0,153,5.0,0.01,1.16869,-0.2,0.0,-1.95,0.0,EURUSD,SL hit,0,998.4
312,313,312,1767589200,1767589200000,0,0,25012026,158,5.0,0.01,1.16904,0.0,0.0,0.0,0.0,EURUSD,,0,998.4
313,314,313,1767589200,1767589200000,1,0,25012026,159,5.0,0.01,0.79332,0.0,0.0,0.0,0.0,USDCHF,,0,998.4
314,315,314,1767589260,1767589260000,1,0,25012026,160,5.0,0.01,1.16893,0.0,0.0,0.0,0.0,EURUSD,,0,998.4
315,316,315,1767589260,1767589260000,1,0,25012026,161,5.0,0.01,1.34324,0.0,0.0,0.0,0.0,GBPUSD,,0,998.4
316,317,316,1767589260,1767589260000,1,0,25012026,162,5.0,0.01,0.66832,0.0,0.0,0.0,0.0,AUDUSD,,0,998.4
317,318,317,1767589260,1767589260000,1,0,25012026,163,5.0,0.01,157.138,0.0,0.0,0.0,0.0,USDJPY,,0,998.4
318,319,318,1767589320,1767589320000,0,1,0,163,5.0,0.01,157.156,-0.2,0.0,-18.0,0.0,USDJPY,SL hit,0,980.4
319,320,319,1767589320,1767589320000,1,0,25012026,164,5.0,0.01,157.155,0.0,0.0,0.0,0.0,USDJPY,,0,980.4
320,321,320,1767589440,1767589440000,0,1,0,164,5.0,0.01,157.148,-0.2,0.0,7.0,0.0,USDJPY,TP hit,0,987.4
321,322,321,1767589440,1767589440000,1,0,25012026,165,5.0,0.01,157.147,0.0,0.0,0.0,0.0,USDJPY,,0,987.4
322,323,322,1767589500,1767589500000,0,1,0,165,5.0,0.01,157.169,-0.2,0.0,-22.0,0.0,USDJPY,SL hit,0,965.4
323,324,323,1767589500,1767589500000,1,0,25012026,166,5.0,0.01,157.168,0.0,0.0,0.0,0.0,USDJPY,,0,965.4
324,325,324,1767589560,1767589560000,0,1,0,166,5.0,0.01,157.18200000000002,-0.2,0.0,-14.0,0.0,USDJPY,SL hit,0,951.4
325,326,325,1767589560,1767589560000,1,0,25012026,167,5.0,0.01,157.181,0.0,0.0,0.0,0.0,USDJPY,,0,951.4
326,327,326,1767589620,1767589620000,0,1,0,167,5.0,0.01,157.189,-0.2,0.0,-8.0,0.0,USDJPY,SL hit,0,943.4
327,328,327,1767589620,1767589620000,1,0,25012026,168,5.0,0.01,157.189,0.0,0.0,0.0,0.0,USDJPY,,0,943.4
328,329,328,1767589740,1767589740000,0,1,0,168,5.0,0.01,157.18,-0.2,0.0,9.0,0.0,USDJPY,TP hit,0,952.4
329,330,329,1767589740,1767589740000,1,0,25012026,169,5.0,0.01,157.18,0.0,0.0,0.0,0.0,USDJPY,,0,952.4
330,331,330,1767589980,1767589980000,0,1,0,169,5.0,0.01,157.153,-0.2,0.0,27.0,0.0,USDJPY,TP hit,0,979.4
331,332,331,1767589980,1767589980000,1,0,25012026,170,5.0,0.01,157.153,0.0,0.0,0.0,0.0,USDJPY,,0,979.4
332,333,332,1767590040,1767590040000,0,1,0,170,5.0,0.01,157.156,-0.2,0.0,-3.0,0.0,USDJPY,SL hit,0,976.4
333,334,333,1767590040,1767590040000,1,0,25012026,171,5.0,0.01,157.156,0.0,0.0,0.0,0.0,USDJPY,,0,976.4
334,335,334,1767590220,1767590220000,0,1,0,171,5.0,0.01,157.141,-0.2,0.0,15.0,0.0,USDJPY,TP hit,0,991.4
335,336,335,1767590220,1767590220000,1,0,25012026,172,5.0,0.01,157.141,0.0,0.0,0.0,0.0,USDJPY,,0,991.4
336,337,336,1767590280,1767590280000,0,1,0,172,5.0,0.01,157.13,-0.2,0.0,11.0,0.0,USDJPY,TP hit,0,1002.4
337,338,337,1767590280,1767590280000,1,0,25012026,173,5.0,0.01,157.129,0.0,0.0,0.0,0.0,USDJPY,,0,1002.4
338,339,338,1767590400,1767590400000,0,1,0,173,5.0,0.01,157.132,-0.2,0.0,-3.0,0.0,USDJPY,SL hit,0,999.4
339,340,339,1767590400,1767590400000,1,0,25012026,174,5.0,0.01,157.132,0.0,0.0,0.0,0.0,USDJPY,,0,999.4
340,341,340,1767590460,1767590460000,0,1,0,174,5.0,0.01,157.161,-0.2,0.0,-29.0,0.0,USDJPY,SL hit,0,970.4
341,342,341,1767590460,1767590460000,1,0,25012026,175,5.0,0.01,157.161,0.0,0.0,0.0,0.0,USDJPY,,0,970.4
342,343,342,1767590520,1767590520000,0,1,0,175,5.0,0.01,157.17,-0.2,0.0,-9.0,0.0,USDJPY,SL hit,0,961.4
343,344,343,1767590520,1767590520000,1,0,25012026,176,5.0,0.01,157.17,0.0,0.0,0.0,0.0,USDJPY,,0,961.4
344,345,344,1767590580,1767590580000,0,1,0,176,5.0,0.01,157.181,-0.2,0.0,-11.0,0.0,USDJPY,SL hit,0,950.4
345,346,345,1767590580,1767590580000,1,0,25012026,177,5.0,0.01,157.181,0.0,0.0,0.0,0.0,USDJPY,,0,950.4
346,347,346,1767590640,1767590640000,0,1,0,177,5.0,0.01,157.202,-0.2,0.0,-21.0,0.0,USDJPY,SL hit,0,929.4
347,348,347,1767590640,1767590640000,0,1,0,161,5.0,0.01,1.34183,-0.2,0.0,1.41,0.0,GBPUSD,TP hit,0,930.81
348,349,348,1767590640,1767590640000,0,1,0,160,5.0,0.01,1.1674,-0.2,0.0,1.53,0.0,EURUSD,TP hit,0,932.3399999999999
349,350,349,1767590640,1767590640000,1,0,25012026,178,5.0,0.01,1.1674,0.0,0.0,0.0,0.0,EURUSD,,0,932.3399999999999
350,351,350,1767590640,1767590640000,1,0,25012026,179,5.0,0.01,1.34182,0.0,0.0,0.0,0.0,GBPUSD,,0,932.3399999999999
351,352,351,1767590640,1767590640000,1,0,25012026,180,5.0,0.01,157.202,0.0,0.0,0.0,0.0,USDJPY,,0,932.3399999999999
352,353,352,1767590700,1767590700000,0,1,0,180,5.0,0.01,157.197,-0.2,0.0,5.0,0.0,USDJPY,TP hit,0,937.3399999999999
353,354,353,1767590700,1767590700000,1,1,0,111,5.0,0.01,0.6673,-0.2,0.0,-1.82,0.0,AUDUSD,SL hit,0,935.5199999999999
354,355,354,1767590700,1767590700000,1,0,25012026,181,5.0,0.01,157.197,0.0,0.0,0.0,0.0,USDJPY,,0,935.5199999999999
355,356,355,1767590760,1767590760000,0,1,0,181,5.0,0.01,157.206,-0.2,0.0,-9.0,0.0,USDJPY,SL hit,0,926.5199999999999
356,357,356,1767590760,1767590760000,1,0,25012026,182,5.0,0.01,157.206,0.0,0.0,0.0,0.0,USDJPY,,0,926.5199999999999
357,358,357,1767590820,1767590820000,0,1,0,182,5.0,0.01,157.211,-0.2,0.0,-5.0,0.0,USDJPY,SL hit,0,921.5199999999999
358,359,358,1767590820,1767590820000,0,1,0,156,5.0,0.01,1.3766,-0.2,0.0,-1.87,0.0,USDCAD,SL hit,0,919.6499999999999
359,360,359,1767590820,1767590820000,1,0,25012026,183,5.0,0.01,157.211,0.0,0.0,0.0,0.0,USDJPY,,0,919.6499999999999
360,361,360,1767590820,1767590820000,1,0,25012026,184,5.0,0.01,1.37659,0.0,0.0,0.0,0.0,USDCAD,,0,919.6499999999999
361,362,361,1767590880,1767590880000,0,1,0,183,5.0,0.01,157.217,-0.2,0.0,-6.0,0.0,USDJPY,SL hit,0,913.6499999999999
362,363,362,1767590880,1767590880000,1,0,25012026,185,5.0,0.01,157.217,0.0,0.0,0.0,0.0,USDJPY,,0,913.6499999999999
363,364,363,1767590940,1767590940000,0,1,0,185,5.0,0.01,157.211,-0.2,0.0,6.0,0.0,USDJPY,TP hit,0,919.6499999999999
364,365,364,1767590940,1767590940000,1,0,25012026,186,5.0,0.01,157.211,0.0,0.0,0.0,0.0,USDJPY,,0,919.6499999999999
365,366,365,1767591000,1767591000000,0,1,0,186,5.0,0.01,157.223,-0.2,0.0,-12.0,0.0,USDJPY,SL hit,0,907.6499999999999
366,367,366,1767591000,1767591000000,0,0,25012026,187,5.0,0.01,0.66732,0.0,0.0,0.0,0.0,AUDUSD,,0,907.6499999999999
367,368,367,1767591000,1767591000000,1,0,25012026,188,5.0,0.01,157.223,0.0,0.0,0.0,0.0,USDJPY,,0,907.6499999999999
368,369,368,1767592920,1767592920000,0,1,0,162,4.0,0.01,0.66694,-0.2,0.0,1.38,0.0,AUDUSD,TP hit,0,909.0299999999999
369,370,369,1767592920,1767592920000,1,0,25012026,189,5.0,0.01,0.66694,0.0,0.0,0.0,0.0,AUDUSD,,0,909.0299999999999
370,371,370,1767603600,1767603600000,0,1,0,188,5.0,0.01,157.013,-0.2,0.0,210.0,0.0,USDJPY,TP hit,0,1119.0299999999997
371,372,371,1767607200,1767607200000,0,0,25012026,190,5.0,0.01,156.99800000000002,0.0,0.0,0.0,0.0,USDJPY,,0,1119.0299999999997
372,373,372,1767610860,1767610860000,1,0,25012026,191,5.0,0.01,156.791,0.0,0.0,0.0,0.0,USDJPY,,0,1119.0299999999997
373,374,373,1767610920,1767610920000,0,1,0,191,5.0,0.01,156.811,-0.2,0.0,-20.0,0.0,USDJPY,SL hit,0,1099.0299999999997
374,375,374,1767610920,1767610920000,1,0,25012026,192,5.0,0.01,156.81,0.0,0.0,0.0,0.0,USDJPY,,0,1099.0299999999997
375,376,375,1767610980,1767610980000,0,1,0,192,5.0,0.01,156.805,-0.2,0.0,5.0,0.0,USDJPY,TP hit,0,1104.0299999999997
376,377,376,1767610980,1767610980000,1,0,25012026,193,5.0,0.01,156.805,0.0,0.0,0.0,0.0,USDJPY,,0,1104.0299999999997
377,378,377,1767611040,1767611040000,0,1,0,193,5.0,0.01,156.833,-0.2,0.0,-28.0,0.0,USDJPY,SL hit,0,1076.0299999999997
378,379,378,1767611040,1767611040000,1,0,25012026,194,5.0,0.01,156.833,0.0,0.0,0.0,0.0,USDJPY,,0,1076.0299999999997
379,380,379,1767611100,1767611100000,0,1,0,194,5.0,0.01,156.822,-0.2,0.0,11.0,0.0,USDJPY,TP hit,0,1087.0299999999997
380,381,380,1767611100,1767611100000,1,0,25012026,195,5.0,0.01,156.822,0.0,0.0,0.0,0.0,USDJPY,,0,1087.0299999999997
381,382,381,1767611160,1767611160000,0,1,0,195,5.0,0.01,156.855,-0.2,0.0,-33.0,0.0,USDJPY,SL hit,0,1054.0299999999997
382,383,382,1767611160,1767611160000,1,0,25012026,196,5.0,0.01,156.855,0.0,0.0,0.0,0.0,USDJPY,,0,1054.0299999999997
383,384,383,1767611220,1767611220000,0,1,0,196,5.0,0.01,156.83100000000002,-0.2,0.0,24.0,0.0,USDJPY,TP hit,0,1078.0299999999997
384,385,384,1767611220,1767611220000,1,0,25012026,197,5.0,0.01,156.83,0.0,0.0,0.0,0.0,USDJPY,,0,1078.0299999999997
385,386,385,1767611340,1767611340000,0,1,0,159,5.0,0.01,0.79564,-0.2,0.0,-2.32,0.0,USDCHF,SL hit,0,1075.7099999999998
386,387,386,1767611340,1767611340000,1,0,25012026,198,5.0,0.01,0.79562,0.0,0.0,0.0,0.0,USDCHF,,0,1075.7099999999998
387,388,387,1767611400,1767611400000,0,1,0,197,5.0,0.01,156.804,-0.2,0.0,26.0,0.0,USDJPY,TP hit,0,1101.7099999999998
388,389,388,1767611400,1767611400000,1,0,25012026,199,5.0,0.01,156.804,0.0,0.0,0.0,0.0,USDJPY,,0,1101.7099999999998
389,390,389,1767611460,1767611460000,0,1,0,199,5.0,0.01,156.822,-0.2,0.0,-18.0,0.0,USDJPY,SL hit,0,1083.7099999999998
390,391,390,1767611460,1767611460000,1,0,25012026,200,5.0,0.01,156.821,0.0,0.0,0.0,0.0,USDJPY,,0,1083.7099999999998
391,392,391,1767611520,1767611520000,0,1,0,200,5.0,0.01,156.845,-0.2,0.0,-24.0,0.0,USDJPY,SL hit,0,1059.7099999999998
392,393,392,1767611520,1767611520000,1,0,25012026,201,5.0,0.01,156.845,0.0,0.0,0.0,0.0,USDJPY,,0,1059.7099999999998
393,394,393,1767611580,1767611580000,0,1,0,201,5.0,0.01,156.865,-0.2,0.0,-20.0,0.0,USDJPY,SL hit,0,1039.7099999999998
394,395,394,1767611580,1767611580000,1,0,25012026,202,5.0,0.01,156.865,0.0,0.0,0.0,0.0,USDJPY,,0,1039.7099999999998
395,396,395,1767611640,1767611640000,0,1,0,202,5.0,0.01,156.848,-0.2,0.0,17.0,0.0,USDJPY,TP hit,0,1056.7099999999998
396,397,396,1767611640,1767611640000,1,0,25012026,203,5.0,0.01,156.848,0.0,0.0,0.0,0.0,USDJPY,,0,1056.7099999999998
397,398,397,1767611700,1767611700000,0,1,0,203,5.0,0.01,156.855,-0.2,0.0,-7.0,0.0,USDJPY,SL hit,0,1049.7099999999998
398,399,398,1767611700,1767611700000,1,0,25012026,204,5.0,0.01,156.855,0.0,0.0,0.0,0.0,USDJPY,,0,1049.7099999999998
399,400,399,1767611760,1767611760000,0,1,0,204,5.0,0.01,156.853,-0.2,0.0,2.0,0.0,USDJPY,TP hit,0,1051.7099999999998
400,401,400,1767611760,1767611760000,1,0,25012026,205,5.0,0.01,156.853,0.0,0.0,0.0,0.0,USDJPY,,0,1051.7099999999998
401,402,401,1767611820,1767611820000,0,1,0,205,5.0,0.01,156.844,-0.2,0.0,9.0,0.0,USDJPY,TP hit,0,1060.7099999999998
402,403,402,1767611820,1767611820000,1,0,25012026,206,5.0,0.01,156.844,0.0,0.0,0.0,0.0,USDJPY,,0,1060.7099999999998
403,404,403,1767612000,1767612000000,0,1,0,206,5.0,0.01,156.828,-0.2,0.0,16.0,0.0,USDJPY,TP hit,0,1076.7099999999998
404,405,404,1767612000,1767612000000,1,0,25012026,207,5.0,0.01,156.828,0.0,0.0,0.0,0.0,USDJPY,,0,1076.7099999999998
405,406,405,1767612060,1767612060000,0,1,0,207,5.0,0.01,156.805,-0.2,0.0,23.0,0.0,USDJPY,TP hit,0,1099.7099999999998
406,407,406,1767612060,1767612060000,1,0,25012026,208,5.0,0.01,156.805,0.0,0.0,0.0,0.0,USDJPY,,0,1099.7099999999998
407,408,407,1767612120,1767612120000,0,1,0,208,5.0,0.01,156.831,-0.2,0.0,-26.0,0.0,USDJPY,SL hit,0,1073.7099999999998
408,409,408,1767612120,1767612120000,1,0,25012026,209,5.0,0.01,156.831,0.0,0.0,0.0,0.0,USDJPY,,0,1073.7099999999998
409,410,409,1767612180,1767612180000,0,1,0,209,5.0,0.01,156.807,-0.2,0.0,24.0,0.0,USDJPY,TP hit,0,1097.7099999999998
410,411,410,1767612180,1767612180000,1,0,25012026,210,5.0,0.01,156.807,0.0,0.0,0.0,0.0,USDJPY,,0,1097.7099999999998
411,412,411,1767612240,1767612240000,0,1,0,210,5.0,0.01,156.801,-0.2,0.0,6.0,0.0,USDJPY,TP hit,0,1103.7099999999998
412,413,412,1767612240,1767612240000,1,0,25012026,211,5.0,0.01,156.801,0.0,0.0,0.0,0.0,USDJPY,,0,1103.7099999999998
413,414,413,1767612300,1767612300000,0,1,0,211,5.0,0.01,156.796,-0.2,0.0,5.0,0.0,USDJPY,TP hit,0,1108.7099999999998
414,415,414,1767612300,1767612300000,1,0,25012026,212,5.0,0.01,156.795,0.0,0.0,0.0,0.0,USDJPY,,0,1108.7099999999998
415,416,415,1767612360,1767612360000,0,1,0,212,5.0,0.01,156.818,-0.2,0.0,-23.0,0.0,USDJPY,SL hit,0,1085.7099999999998
416,417,416,1767612360,1767612360000,1,0,25012026,213,5.0,0.01,156.818,0.0,0.0,0.0,0.0,USDJPY,,0,1085.7099999999998
417,418,417,1767612420,1767612420000,0,1,0,213,5.0,0.01,156.814,-0.2,0.0,4.0,0.0,USDJPY,TP hit,0,1089.7099999999998
418,419,418,1767612420,1767612420000,1,0,25012026,214,5.0,0.01,156.814,0.0,0.0,0.0,0.0,USDJPY,,0,1089.7099999999998
419,420,419,1767612480,1767612480000,0,1,0,214,5.0,0.01,156.81,-0.2,0.0,4.0,0.0,USDJPY,TP hit,0,1093.7099999999998
420,421,420,1767612480,1767612480000,1,0,25012026,215,5.0,0.01,156.81,0.0,0.0,0.0,0.0,USDJPY,,0,1093.7099999999998
421,422,421,1767612540,1767612540000,0,1,0,215,5.0,0.01,156.833,-0.2,0.0,-23.0,0.0,USDJPY,SL hit,0,1070.7099999999998
422,423,422,1767612540,1767612540000,1,0,25012026,216,5.0,0.01,156.833,0.0,0.0,0.0,0.0,USDJPY,,0,1070.7099999999998
423,424,423,1767612600,1767612600000,0,1,0,216,5.0,0.01,156.838,-0.2,0.0,-5.0,0.0,USDJPY,SL hit,0,1065.7099999999998
424,425,424,1767612660,1767612660000,1,0,25012026,217,5.0,0.01,156.838,0.0,0.0,0.0,0.0,USDJPY,,0,1065.7099999999998
425,426,425,1767612720,1767612720000,0,1,0,217,5.0,0.01,156.851,-0.2,0.0,-13.0,0.0,USDJPY,SL hit,0,1052.7099999999998
426,427,426,1767612720,1767612720000,1,0,25012026,218,5.0,0.01,156.851,0.0,0.0,0.0,0.0,USDJPY,,0,1052.7099999999998
427,428,427,1767612780,1767612780000,0,1,0,218,5.0,0.01,156.849,-0.2,0.0,2.0,0.0,USDJPY,TP hit,0,1054.7099999999998
428,429,428,1767612780,1767612780000,1,0,25012026,219,5.0,0.01,156.849,0.0,0.0,0.0,0.0,USDJPY,,0,1054.7099999999998
429,430,429,1767612840,1767612840000,0,1,0,219,5.0,0.01,156.856,-0.2,0.0,-7.0,0.0,USDJPY,SL hit,0,1047.7099999999998
430,431,430,1767612840,1767612840000,1,0,25012026,220,5.0,0.01,156.855,0.0,0.0,0.0,0.0,USDJPY,,0,1047.7099999999998
431,432,431,1767612900,1767612900000,0,1,0,220,5.0,0.01,156.889,-0.2,0.0,-34.0,0.0,USDJPY,SL hit,0,1013.7099999999998
432,433,432,1767612900,1767612900000,1,0,25012026,221,5.0,0.01,156.888,0.0,0.0,0.0,0.0,USDJPY,,0,1013.7099999999998
433,434,433,1767612960,1767612960000,0,1,0,221,5.0,0.01,156.893,-0.2,0.0,-5.0,0.0,USDJPY,SL hit,0,1008.7099999999998
434,435,434,1767612960,1767612960000,1,0,25012026,222,5.0,0.01,156.892,0.0,0.0,0.0,0.0,USDJPY,,0,1008.7099999999998
435,436,435,1767613020,1767613020000,0,1,0,222,5.0,0.01,156.866,-0.2,0.0,26.0,0.0,USDJPY,TP hit,0,1034.7099999999998
436,437,436,1767613020,1767613020000,1,0,25012026,223,5.0,0.01,156.866,0.0,0.0,0.0,0.0,USDJPY,,0,1034.7099999999998
437,438,437,1767613080,1767613080000,0,1,0,223,5.0,0.01,156.876,-0.2,0.0,-10.0,0.0,USDJPY,SL hit,0,1024.7099999999998
438,439,438,1767613080,1767613080000,1,0,25012026,224,5.0,0.01,156.876,0.0,0.0,0.0,0.0,USDJPY,,0,1024.7099999999998
439,440,439,1767613140,1767613140000,0,1,0,224,5.0,0.01,156.893,-0.2,0.0,-17.0,0.0,USDJPY,SL hit,0,1007.7099999999998
440,441,440,1767613140,1767613140000,1,0,25012026,225,5.0,0.01,156.893,0.0,0.0,0.0,0.0,USDJPY,,0,1007.7099999999998
441,442,441,1767613200,1767613200000,0,1,0,225,5.0,0.01,156.902,-0.2,0.0,-9.0,0.0,USDJPY,SL hit,0,998.7099999999998
442,443,442,1767613200,1767613200000,1,0,25012026,226,5.0,0.01,156.902,0.0,0.0,0.0,0.0,USDJPY,,0,998.7099999999998
443,444,443,1767613260,1767613260000,0,1,0,226,5.0,0.01,156.914,-0.2,0.0,-12.0,0.0,USDJPY,SL hit,0,986.7099999999998
444,445,444,1767613260,1767613260000,1,0,25012026,227,5.0,0.01,156.914,0.0,0.0,0.0,0.0,USDJPY,,0,986.7099999999998
445,446,445,1767613320,1767613320000,0,1,0,227,5.0,0.01,156.939,-0.2,0.0,-25.0,0.0,USDJPY,SL hit,0,961.7099999999998
446,447,446,1767613320,1767613320000,1,0,25012026,228,5.0,0.01,156.939,0.0,0.0,0.0,0.0,USDJPY,,0,961.7099999999998
447,448,447,1767613380,1767613380000,0,1,0,228,5.0,0.01,156.951,-0.2,0.0,-12.0,0.0,USDJPY,SL hit,0,949.7099999999998
448,449,448,1767613380,1767613380000,1,0,25012026,229,5.0,0.01,156.951,0.0,0.0,0.0,0.0,USDJPY,,0,949.7099999999998
449,450,449,1767613500,1767613500000,0,1,0,229,5.0,0.01,156.963,-0.2,0.0,-12.0,0.0,USDJPY,SL hit,0,937.7099999999998
450,451,450,1767613500,1767613500000,1,0,25012026,230,5.0,0.01,156.963,0.0,0.0,0.0,0.0,USDJPY,,0,937.7099999999998
451,452,451,1767613560,1767613560000,0,1,0,230,5.0,0.01,156.998,-0.2,0.0,-35.0,0.0,USDJPY,SL hit,0,902.7099999999998
452,453,452,1767613560,1767613560000,1,0,25012026,231,5.0,0.01,156.998,0.0,0.0,0.0,0.0,USDJPY,,0,902.7099999999998
453,454,453,1767613620,1767613620000,0,1,0,231,5.0,0.01,156.985,-0.2,0.0,13.0,0.0,USDJPY,TP hit,0,915.7099999999998
454,455,454,1767613620,1767613620000,1,0,25012026,232,5.0,0.01,156.985,0.0,0.0,0.0,0.0,USDJPY,,0,915.7099999999998
455,456,455,1767613680,1767613680000,0,1,0,232,5.0,0.01,156.965,-0.2,0.0,20.0,0.0,USDJPY,TP hit,0,935.7099999999998
456,457,456,1767613680,1767613680000,1,0,25012026,233,5.0,0.01,156.965,0.0,0.0,0.0,0.0,USDJPY,,0,935.7099999999998
457,458,457,1767613740,1767613740000,0,1,0,233,5.0,0.01,156.981,-0.2,0.0,-16.0,0.0,USDJPY,SL hit,0,919.7099999999998
458,459,458,1767613740,1767613740000,1,0,25012026,234,5.0,0.01,156.981,0.0,0.0,0.0,0.0,USDJPY,,0,919.7099999999998
459,460,459,1767613800,1767613800000,0,1,0,234,5.0,0.01,156.967,-0.2,0.0,14.0,0.0,USDJPY,TP hit,0,933.7099999999998
460,461,460,1767613800,1767613800000,1,0,25012026,235,5.0,0.01,156.967,0.0,0.0,0.0,0.0,USDJPY,,0,933.7099999999998
461,462,461,1767613860,1767613860000,0,1,0,235,5.0,0.01,156.987,-0.2,0.0,-20.0,0.0,USDJPY,SL hit,0,913.7099999999998
462,463,462,1767613860,1767613860000,1,0,25012026,236,5.0,0.01,156.987,0.0,0.0,0.0,0.0,USDJPY,,0,913.7099999999998
463,464,463,1767613920,1767613920000,0,1,0,236,5.0,0.01,156.961,-0.2,0.0,26.0,0.0,USDJPY,TP hit,0,939.7099999999998
464,465,464,1767613920,1767613920000,1,0,25012026,237,5.0,0.01,156.961,0.0,0.0,0.0,0.0,USDJPY,,0,939.7099999999998
465,466,465,1767613980,1767613980000,0,1,0,237,5.0,0.01,156.951,-0.2,0.0,10.0,0.0,USDJPY,TP hit,0,949.7099999999998
466,467,466,1767613980,1767613980000,1,0,25012026,238,5.0,0.01,156.951,0.0,0.0,0.0,0.0,USDJPY,,0,949.7099999999998
467,468,467,1767614040,1767614040000,0,1,0,238,5.0,0.01,156.946,-0.2,0.0,5.0,0.0,USDJPY,TP hit,0,954.7099999999998
468,469,468,1767614040,1767614040000,1,0,25012026,239,5.0,0.01,156.946,0.0,0.0,0.0,0.0,USDJPY,,0,954.7099999999998
469,470,469,1767614100,1767614100000,0,1,0,239,5.0,0.01,156.961,-0.2,0.0,-15.0,0.0,USDJPY,SL hit,0,939.7099999999998
470,471,470,1767614100,1767614100000,1,0,25012026,240,5.0,0.01,156.961,0.0,0.0,0.0,0.0,USDJPY,,0,939.7099999999998
471,472,471,1767614160,1767614160000,0,1,0,240,5.0,0.01,156.946,-0.2,0.0,15.0,0.0,USDJPY,TP hit,0,954.7099999999998
472,473,472,1767614160,1767614160000,1,0,25012026,241,5.0,0.01,156.946,0.0,0.0,0.0,0.0,USDJPY,,0,954.7099999999998
473,474,473,1767614220,1767614220000,0,1,0,179,5.0,0.01,1.34416,-0.2,0.0,-2.34,0.0,GBPUSD,SL hit,0,952.3699999999998
474,475,474,1767614220,1767614220000,1,0,25012026,242,5.0,0.01,1.34415,0.0,0.0,0.0,0.0,GBPUSD,,0,952.3699999999998
475,476,475,1767614280,1767614280000,0,1,0,241,5.0,0.01,156.925,-0.2,0.0,21.0,0.0,USDJPY,TP hit,0,973.3699999999998
476,477,476,1767614280,1767614280000,1,0,25012026,243,5.0,0.01,156.925,0.0,0.0,0.0,0.0,USDJPY,,0,973.3699999999998
477,478,477,1767614400,1767614400000,0,1,0,243,5.0,0.01,156.927,-0.2,0.0,-2.0,0.0,USDJPY,SL hit,0,971.3699999999998
478,479,478,1767614880,1767614880000,1,1,0,157,5.0,0.01,1.34473,-0.2,0.0,1.56,0.0,GBPUSD,TP hit,0,972.9299999999997
479,480,479,1767617100,1767617100000,1,1,0,190,5.0,0.01,156.673,-0.2,0.0,-325.0,0.0,USDJPY,SL hit,0,647.9299999999997
480,481,480,1767617280,1767617280000,0,1,0,242,5.0,0.01,1.34619,-0.2,0.0,-2.04,0.0,GBPUSD,SL hit,0,645.8899999999998
481,482,481,1767617940,1767617940000,0,1,0,198,5.0,0.01,0.79454,-0.2,0.0,1.08,0.0,USDCHF,TP hit,0,646.9699999999998
482,483,482,1767618000,1767618000000,1,0,25012026,244,5.0,0.01,1.34622,0.0,0.0,0.0,0.0,GBPUSD,,0,646.9699999999998
483,484,483,1767618000,1767618000000,0,0,25012026,245,5.0,0.01,156.589,0.0,0.0,0.0,0.0,USDJPY,,0,646.9699999999998
484,485,484,1767619380,1767619380000,1,1,0,187,5.0,0.01,0.6688,-0.2,0.0,1.48,0.0,AUDUSD,TP hit,0,648.4499999999998
485,486,485,1767625200,1767625200000,0,0,25012026,246,5.0,0.01,0.6678,0.0,0.0,0.0,0.0,AUDUSD,,0,648.4499999999998
486,487,486,1767625260,1767625260000,1,1,0,158,5.0,0.01,1.16693,-0.2,0.0,-2.11,0.0,EURUSD,SL hit,0,646.3399999999998
487,488,487,1767625620,1767625620000,1,1,0,245,5.0,0.01,156.81,-0.2,0.0,221.0,0.0,USDJPY,TP hit,0,867.3399999999998
488,489,488,1767625620,1767625620000,0,1,0,184,5.0,0.01,1.37897,-0.2,0.0,-2.38,0.0,USDCAD,SL hit,0,864.9599999999998
489,490,489,1767625980,1767625980000,0,1,0,244,5.0,0.01,1.34423,-0.2,0.0,1.99,0.0,GBPUSD,TP hit,0,866.9499999999998
490,491,490,1767627540,1767627540000,0,1,0,178,5.0,0.01,1.16595,-0.2,0.0,1.45,0.0,EURUSD,TP hit,0,868.3999999999999
491,492,491,1767630600,1767630600000,1,1,0,246,5.0,0.01,0.6689,-0.2,0.0,1.1,0.0,AUDUSD,TP hit,0,869.4999999999999
492,493,492,1767632400,1767632400000,0,1,0,189,5.0,0.01,0.66925,-0.2,0.0,-2.31,0.0,AUDUSD,SL hit,0,867.1899999999999
493,494,493,1767632400,1767632400000,1,0,25012026,247,5.0,0.01,1.34745,0.0,0.0,0.0,0.0,GBPUSD,,0,867.1899999999999
494,495,494,1767632400,1767632400000,1,0,25012026,248,5.0,0.01,0.66925,0.0,0.0,0.0,0.0,AUDUSD,,0,867.1899999999999
495,496,495,1767634200,1767634200000,1,0,25012026,249,5.0,0.01,1.16949,0.0,0.0,0.0,0.0,EURUSD,,0,867.1899999999999
496,497,496,1767636000,1767636000000,0,0,25012026,250,5.0,0.01,156.563,0.0,0.0,0.0,0.0,USDJPY,,0,867.1899999999999
497,498,497,1767636000,1767636000000,0,0,25012026,251,5.0,0.01,0.79337,0.0,0.0,0.0,0.0,USDCHF,,0,867.1899999999999
498,499,498,1767636060,1767636060000,0,0,25012026,252,5.0,0.01,1.17052,0.0,0.0,0.0,0.0,EURUSD,,0,867.1899999999999
499,500,499,1767636060,1767636060000,0,0,25012026,253,5.0,0.01,1.35059,0.0,0.0,0.0,0.0,GBPUSD,,0,867.1899999999999
500,501,500,1767636060,1767636060000,0,0,25012026,254,5.0,0.01,0.67093,0.0,0.0,0.0,0.0,AUDUSD,,0,867.1899999999999
501,502,501,1767636060,1767636060000,0,0,25012026,255,5.0,0.01,1.37481,0.0,0.0,0.0,0.0,USDCAD,,0,867.1899999999999
502,503,502,1767637440,1767637440000,0,1,0,248,5.0,0.01,0.67146,-0.2,0.0,-2.21,0.0,AUDUSD,SL hit,0,864.9799999999999
503,504,503,1767637800,1767637800000,1,0,25012026,256,5.0,0.01,0.67138,0.0,0.0,0.0,0.0,AUDUSD,,0,864.9799999999999
504,505,504,1767638100,1767638100000,0,1,0,247,5.0,0.01,1.35188,-0.2,0.0,-4.43,0.0,GBPUSD,SL hit,0,860.55
505,506,505,1767639000,1767639000000,1,1,0,253,5.0,0.01,1.35229,-0.2,0.0,1.7,0.0,GBPUSD,TP hit,0,862.25
506,507,506,1767639000,1767639000000,0,0,25012026,257,5.0,0.01,1.3523,0.0,0.0,0.0,0.0,GBPUSD,,0,862.25
507,508,507,1767639600,1767639600000,1,0,25012026,258,5.0,0.01,1.35257,0.0,0.0,0.0,0.0,GBPUSD,,0,862.25
508,509,508,1767642660,1767642660000,1,1,0,255,4.0,0.01,1.37645,-0.2,0.0,1.64,0.0,USDCAD,TP hit,0,863.89
509,510,509,1767642660,1767642660000,0,0,25012026,259,5.0,0.01,1.37646,0.0,0.0,0.0,0.0,USDCAD,,0,863.89
510,511,510,1767644340,1767644340000,1,1,0,257,5.0,0.01,1.35388,-0.2,0.0,1.58,0.0,GBPUSD,TP hit,0,865.47
511,512,511,1767644340,1767644340000,0,0,25012026,260,5.0,0.01,1.35389,0.0,0.0,0.0,0.0,GBPUSD,,0,865.47
512,513,512,1767645360,1767645360000,1,1,0,252,5.0,0.01,1.17218,-0.2,0.0,1.66,0.0,EURUSD,TP hit,0,867.13
513,514,513,1767645360,1767645360000,0,0,25012026,261,5.0,0.01,1.17218,0.0,0.0,0.0,0.0,EURUSD,,0,867.13
514,515,514,1767645420,1767645420000,0,1,0,249,5.0,0.01,1.17225,-0.2,0.0,-2.76,0.0,EURUSD,SL hit,0,864.37
515,516,515,1767646800,1767646800000,1,1,0,250,5.0,0.01,156.132,-0.2,0.0,-431.0,0.0,USDJPY,SL hit,0,433.37
516,517,516,1767646860,1767646860000,1,1,25012026,251,5.0,0.01,0.79153,-0.2,0.0,-1.88,0.0,USDCHF,Margin stopout,0,431.53000000000003
517,518,517,1767646860,1767646860000,1,1,25012026,254,5.0,0.01,0.67145,-0.2,0.0,0.52,0.0,AUDUSD,Margin stopout,0,432.05
518,519,518,1767646860,1767646860000,0,1,25012026,256,5.0,0.01,0.67145,-0.2,0.0,-0.07,0.0,AUDUSD,Margin stopout,0,431.98
519,520,519,1767646860,1767646860000,0,1,25012026,258,5.0,0.01,1.3539999999999999,-0.2,0.0,-1.51,0.0,GBPUSD,Margin stopout,0,430.55
520,521,520,1767646860,1767646860000,1,1,25012026,259,5.0,0.01,1.37598,-0.2,0.0,-0.52,0.0,USDCAD,Margin stopout,0,430.07
521,522,521,1767646860,1767646860000,1,1,25012026,260,5.0,0.01,1.35398,-0.2,0.0,0.18,0.0,GBPUSD,Margin stopout,0,430.15999999999997
522,523,522,1767646860,1767646860000,1,1,25012026,261,5.0,0.01,1.17253,-0.2,0.0,0.47,0.0,EURUSD,Margin stopout,0,430.51
