,ticket,time_setup,time_setup_msc,time_done,time_done_msc,time_expiration,type,type_time,type_filling,state,magic,position_id,position_by_id,reason,volume_initial,volume_current,price_open,sl,tp,price_current,price_stoplimit,symbol,comment,external_id
0,1,1767324600,1767324600000,1767340080,1767340080000,0,1,0,0,4,25012026,1,0,,0.01,0.01,1.17615,1.1775201183431954,1.1753279289940828,1.1753,0.0,EURUSD,,0
1,2,1767324600,1767324600000,1767340320,1767340320000,0,1,0,0,4,25012026,2,0,,0.01,0.01,1.34848,1.35038,1.34734,1.34728,0.0,GBPUSD,,0
2,3,1767324600,1767324600000,1767348840,1767348840000,0,1,0,0,4,25012026,3,0,,0.01,0.01,0.66912,0.670487603550296,0.6682994378698225,0.67058,0.0,AUDUSD,,0
3,4,1767324600,1767324600000,1767336060,1767336060000,0,0,0,0,4,25012026,4,0,,0.01,0.01,1.3708500000000001,1.369492455621302,1.371664526627219,1.37169,0.0,USDCAD,,0
4,5,1767324600,1767324600000,1767335520,1767335520000,0,0,0,0,4,25012026,5,0,,0.01,0.01,0.79101,0.7894786390532544,0.7919288165680474,0.79196,0.0,USDCHF,,0
5,6,1767324660,1767324660000,1767341880,1767341880000,0,0,0,0,4,25012026,6,0,,0.01,0.01,1.17609,1.1745586390532545,1.1770088165680475,1.17453,0.0,EURUSD,,0
6,7,1767324660,1767324660000,1767340860,1767340860000,0,0,0,0,4,25012026,7,0,,0.01,0.01,1.3484800000000001,1.3469486390532546,1.3493988165680475,1.34688,0.0,GBPUSD,,0
7,8,1767324660,1767324660000,1767330840,1767330840000,0,0,0,0,4,25012026,8,0,,0.01,0.01,0.66906,0.6675286390532544,0.6699788165680474,0.66998,0.0,AUDUSD,,0
8,9,1767324660,1767324660000,1767324780,1767324780000,0,0,0,0,4,25012026,9,0,,0.01,0.01,156.599,156.59746863905323,156.59991881656805,156.622,0.0,USDJPY,,0
9,10,1767324780,1767324780000,1767324840,1767324840000,0,0,0,0,4,25012026,10,0,,0.01,0.01,156.622,156.62046863905326,156.62291881656807,156.644,0.0,USDJPY,,0
10,11,1767324840,1767324840000,1767324900,1767324900000,0,0,0,0,4,25012026,11,0,,0.01,0.01,156.644,156.64246863905325,156.64491881656807,156.631,0.0,USDJPY,,0
11,12,1767324900,1767324900000,1767324960,1767324960000,0,0,0,0,4,25012026,12,0,,0.01,0.01,156.631,156.62946863905324,156.63191881656806,156.634,0.0,USDJPY,,0
12,13,1767324960,1767324960000,1767325020,1767325020000,0,0,0,0,4,25012026,13,0,,0.01,0.01,156.634,156.63246863905323,156.63491881656805,156.653,0.0,USDJPY,,0
13,14,1767325020,1767325020000,1767325080,1767325080000,0,0,0,0,4,25012026,14,0,,0.01,0.01,156.653,156.65146863905323,156.65391881656805,156.645,0.0,USDJPY,,0
14,15,1767325080,1767325080000,1767325200,1767325200000,0,0,0,0,4,25012026,15,0,,0.01,0.01,156.645,156.64346863905325,156.64591881656807,156.647,0.0,USDJPY,,0
15,16,1767325200,1767325200000,1767325320,1767325320000,0,0,0,0,4,25012026,16,0,,0.01,0.01,156.647,156.64546863905323,156.64791881656805,156.635,0.0,USDJPY,,0
16,17,1767325320,1767325320000,1767325440,1767325440000,0,0,0,0,4,25012026,17,0,,0.01,0.01,156.635,156.63346863905323,156.63591881656805,156.647,0.0,USDJPY,,0
17,18,1767325440,1767325440000,1767325560,1767325560000,0,0,0,0,4,25012026,18,0,,0.01,0.01,156.647,156.64546863905323,156.64791881656805,156.64,0.0,USDJPY,,0
18,19,1767325560,1767325560000,1767325620,1767325620000,0,0,0,0,4,25012026,19,0,,0.01,0.01,156.64,156.63846863905323,156.64091881656805,156.632,0.0,USDJPY,,0
19,20,1767325620,1767325620000,1767325800,1767325800000,0,0,0,0,4,25012026,20,0,,0.01,0.01,156.632,156.63046863905325,156.63291881656806,156.635,0.0,USDJPY,,0
20,21,1767325800,1767325800000,1767325860,1767325860000,0,0,0,0,4,25012026,21,0,,0.01,0.01,156.635,156.63346863905323,156.63591881656805,156.631,0.0,USDJPY,,0
21,22,1767325860,1767325860000,1767325920,1767325920000,0,0,0,0,4,25012026,22,0,,0.01,0.01,156.631,156.62946863905324,156.63191881656806,156.634,0.0,USDJPY,,0
22,23,1767325920,1767325920000,1767325980,1767325980000,0,0,0,0,4,25012026,23,0,,0.01,0.01,156.634,156.63246863905323,156.63491881656805,156.652,0.0,USDJPY,,0
23,24,1767325980,1767325980000,1767326040,1767326040000,0,0,0,0,4,25012026,24,0,,0.01,0.01,156.653,156.65146863905323,156.65391881656805,156.647,0.0,USDJPY,,0
24,25,1767326040,1767326040000,1767326100,1767326100000,0,0,0,0,4,25012026,25,0,,0.01,0.01,156.648,156.64646863905324,156.64891881656806,156.644,0.0,USDJPY,,0
25,26,1767326100,1767326100000,1767326160,1767326160000,0,0,0,0,4,25012026,26,0,,0.01,0.01,156.644,156.64246863905325,156.64491881656807,156.632,0.0,USDJPY,,0
26,27,1767326160,1767326160000,1767326220,1767326220000,0,0,0,0,4,25012026,27,0,,0.01,0.01,156.632,156.63046863905325,156.63291881656806,156.644,0.0,USDJPY,,0
27,28,1767326220,1767326220000,1767326280,1767326280000,0,0,0,0,4,25012026,28,0,,0.01,0.01,156.644,156.64246863905325,156.64491881656807,156.646,0.0,USDJPY,,0
28,29,1767326280,1767326280000,1767326340,1767326340000,0,0,0,0,4,25012026,29,0,,0.01,0.01,156.646,156.64446863905323,156.64691881656805,156.634,0.0,USDJPY,,0
29,30,1767326340,1767326340000,1767326400,1767326400000,0,0,0,0,4,25012026,30,0,,0.01,0.01,156.634,156.63246863905323,156.63491881656805,156.629,0.0,USDJPY,,0
30,31,1767326460,1767326460000,1767326520,1767326520000,0,0,0,0,4,25012026,31,0,,0.01,0.01,156.62,156.6184826923077,156.6209103846154,156.622,0.0,USDJPY,,0
31,32,1767326520,1767326520000,1767326580,1767326580000,0,0,0,0,4,25012026,32,0,,0.01,0.01,156.622,156.62048269230772,156.6229103846154,156.624,0.0,USDJPY,,0
32,33,1767326580,1767326580000,1767326640,1767326640000,0,0,0,0,4,25012026,33,0,,0.01,0.01,156.624,156.6224826923077,156.6249103846154,156.615,0.0,USDJPY,,0
33,34,1767326640,1767326640000,1767326700,1767326700000,0,0,0,0,4,25012026,34,0,,0.01,0.01,156.615,156.6134826923077,156.6159103846154,156.607,0.0,USDJPY,,0
34,35,1767326700,1767326700000,1767326760,1767326760000,0,0,0,0,4,25012026,35,0,,0.01,0.01,156.607,156.6054826923077,156.6079103846154,156.596,0.0,USDJPY,,0
35,36,1767326760,1767326760000,1767326820,1767326820000,0,0,0,0,4,25012026,36,0,,0.01,0.01,156.596,156.5944826923077,156.5969103846154,156.611,0.0,USDJPY,,0
36,37,1767326820,1767326820000,1767326880,1767326880000,0,0,0,0,4,25012026,37,0,,0.01,0.01,156.611,156.6094826923077,156.61191038461538,156.62,0.0,USDJPY,,0
37,38,1767326880,1767326880000,1767326940,1767326940000,0,0,0,0,4,25012026,38,0,,0.01,0.01,156.62,156.6184826923077,156.6209103846154,156.613,0.0,USDJPY,,0
38,39,1767326940,1767326940000,1767327060,1767327060000,0,0,0,0,4,25012026,39,0,,0.01,0.01,156.613,156.6114826923077,156.6139103846154,156.609,0.0,USDJPY,,0
39,40,1767327060,1767327060000,1767327120,1767327120000,0,0,0,0,4,25012026,40,0,,0.01,0.01,156.609,156.6074826923077,156.6099103846154,156.62,0.0,USDJPY,,0
40,41,1767327120,1767327120000,1767327180,1767327180000,0,0,0,0,4,25012026,41,0,,0.01,0.01,156.62,156.6184826923077,156.6209103846154,156.623,0.0,USDJPY,,0
41,42,1767327180,1767327180000,1767327240,1767327240000,0,0,0,0,4,25012026,42,0,,0.01,0.01,156.623,156.6214826923077,156.62391038461539,156.612,0.0,USDJPY,,0
42,43,1767327240,1767327240000,1767327300,1767327300000,0,0,0,0,4,25012026,43,0,,0.01,0.01,156.612,156.6104826923077,156.6129103846154,156.609,0.0,USDJPY,,0
43,44,1767327300,1767327300000,1767327360,1767327360000,0,0,0,0,4,25012026,44,0,,0.01,0.01,156.609,156.6074826923077,156.6099103846154,156.622,0.0,USDJPY,,0
44,45,1767327360,1767327360000,1767327420,1767327420000,0,0,0,0,4,25012026,45,0,,0.01,0.01,156.622,156.62048269230772,156.6229103846154,156.624,0.0,USDJPY,,0
45,46,1767327420,1767327420000,1767327480,1767327480000,0,0,0,0,4,25012026,46,0,,0.01,0.01,156.624,156.6224826923077,156.6249103846154,156.617,0.0,USDJPY,,0
46,47,1767327480,1767327480000,1767327540,1767327540000,0,0,0,0,4,25012026,47,0,,0.01,0.01,156.618,156.6164826923077,156.6189103846154,156.613,0.0,USDJPY,,0
47,48,1767327540,1767327540000,1767327720,1767327720000,0,0,0,0,4,25012026,48,0,,0.01,0.01,156.614,156.6124826923077,156.6149103846154,156.616,0.0,USDJPY,,0
48,49,1767327720,1767327720000,1767327780,1767327780000,0,0,0,0,4,25012026,49,0,,0.01,0.01,156.616,156.61448269230772,156.6169103846154,156.622,0.0,USDJPY,,0
49,50,1767327780,1767327780000,1767327840,1767327840000,0,0,0,0,4,25012026,50,0,,0.01,0.01,156.622,156.62048269230772,156.6229103846154,156.611,0.0,USDJPY,,0
50,51,1767327840,1767327840000,1767327900,1767327900000,0,0,0,0,4,25012026,51,0,,0.01,0.01,156.611,156.6094826923077,156.61191038461538,156.605,0.0,USDJPY,,0
51,52,1767327900,1767327900000,1767327960,1767327960000,0,0,0,0,4,25012026,52,0,,0.01,0.01,156.605,156.6034826923077,156.60591038461538,156.61,0.0,USDJPY,,0
52,53,1767327960,1767327960000,1767328020,1767328020000,0,0,0,0,4,25012026,53,0,,0.01,0.01,156.61,156.60848269230772,156.6109103846154,156.615,0.0,USDJPY,,0
53,54,1767328020,1767328020000,1767328080,1767328080000,0,0,0,0,4,25012026,54,0,,0.01,0.01,156.615,156.6134826923077,156.6159103846154,156.611,0.0,USDJPY,,0
54,55,1767328080,1767328080000,1767328200,1767328200000,0,0,0,0,4,25012026,55,0,,0.01,0.01,156.611,156.6094826923077,156.61191038461538,156.619,0.0,USDJPY,,0
55,56,1767340800,1767340800000,1767352740,1767352740000,0,1,0,0,4,25012026,56,0,,0.01,0.01,156.94,157.16488165680474,156.80507100591714,156.802,0.0,USDJPY,,0
56,57,1767340800,1767340800000,1767346200,1767346200000,0,1,0,0,4,25012026,57,0,,0.01,0.01,0.7925,0.7934627218934911,0.7919223668639053,0.79347,0.0,USDCHF,,0
57,58,1767340860,1767340860000,1767342120,1767342120000,0,1,0,0,4,25012026,58,0,,0.01,0.01,1.17502,1.175982721893491,1.1744423668639052,1.17441,0.0,EURUSD,,0
58,59,1767340860,1767340860000,1767346260,1767346260000,0,1,0,0,4,25012026,59,0,,0.01,0.01,1.34688,1.3478427218934912,1.3463023668639054,1.34617,0.0,GBPUSD,,0
59,60,1767340860,1767340860000,1767344580,1767344580000,0,1,0,0,4,25012026,60,0,,0.01,0.01,1.3718,1.372762721893491,1.3712223668639052,1.3711,0.0,USDCAD,,0
60,61,1767342120,1767342120000,1767346200,1767346200000,0,1,0,0,4,25012026,61,0,,0.01,0.01,1.17441,1.175372721893491,1.1738323668639052,1.17376,0.0,EURUSD,,0
61,62,1767344400,1767344400000,1767349020,1767349020000,0,0,0,0,4,25012026,62,0,,0.01,0.01,1.17431,1.1731370710059172,1.1750137573964496,1.17294,0.0,EURUSD,,0
62,63,1767344400,1767344400000,1767349140,1767349140000,0,0,0,0,4,25012026,63,0,,0.01,0.01,1.34677,1.3453599408284023,1.3476160355029587,1.3453300000000001,0.0,GBPUSD,,0
63,64,1767344580,1767344580000,1767345600,1767345600000,0,1,0,0,4,25012026,64,0,,0.01,0.01,1.37109,1.372066923076923,1.3705038461538461,1.37038,0.0,USDCAD,,0
64,65,1767345600,1767345600000,1767349860,1767349860000,0,1,0,0,4,25012026,65,0,,0.01,0.01,1.3703699999999999,1.3713469230769229,1.369783846153846,1.3713700000000002,0.0,USDCAD,,0
65,66,1767346200,1767346200000,1767352080,1767352080000,0,1,0,0,4,25012026,66,0,,0.01,0.01,0.79345,0.7945051775147929,0.7928168934911243,0.79264,0.0,USDCHF,,0
66,67,1767346260,1767346260000,1767349080,1767349080000,0,1,0,0,4,25012026,67,0,,0.01,0.01,1.17349,1.1745451775147928,1.172856893491124,1.1727,0.0,EURUSD,,0
67,68,1767346260,1767346260000,1767349080,1767349080000,0,1,0,0,4,25012026,68,0,,0.01,0.01,1.34616,1.347215177514793,1.3455268934911242,1.34544,0.0,GBPUSD,,0
68,69,1767348840,1767348840000,1767349980,1767349980000,0,1,0,0,4,25012026,69,0,,0.01,0.01,0.67057,0.6717383431952663,0.6698689940828403,0.66986,0.0,AUDUSD,,0
69,70,1767349080,1767349080000,1767355800,1767355800000,0,1,0,0,4,25012026,70,0,,0.01,0.01,1.1727,1.1738683431952663,1.1719989940828404,1.17176,0.0,EURUSD,,0
70,71,1767349080,1767349080000,1767356940,1767356940000,0,1,0,0,4,25012026,71,0,,0.01,0.01,1.34543,1.3465983431952662,1.3447289940828402,1.34458,0.0,GBPUSD,,0
71,72,1767349800,1767349800000,1767356880,1767356880000,0,0,0,0,4,25012026,72,0,,0.01,0.01,1.17285,1.1713902366863904,1.1737258579881655,1.17138,0.0,EURUSD,,0
72,73,1767349800,1767349800000,1767360060,1767360060000,0,0,0,0,4,25012026,73,0,,0.01,0.01,1.34573,1.3440452366863906,1.346740857988166,1.34392,0.0,GBPUSD,,0
73,74,1767349860,1767349860000,1767361020,1767361020000,0,1,0,0,4,25012026,74,0,,0.01,0.01,1.3713600000000001,1.372566804733728,1.3706359171597635,1.3725900000000002,0.0,USDCAD,,0
74,75,1767349980,1767349980000,1767359820,1767359820000,0,1,0,0,4,25012026,75,0,,0.01,0.01,0.66986,0.6710668047337278,0.6691359171597633,0.66911,0.0,AUDUSD,,0
75,76,1767355200,1767355200000,1767363000,1767363000000,0,1,0,0,4,25012026,76,0,,0.01,0.01,0.7937,0.7952436390532543,0.7927738165680474,0.7927500000000001,0.0,USDCHF,,0
76,77,1767355260,1767355260000,1767355320,1767355320000,0,1,0,0,4,25012026,77,0,,0.01,0.01,156.907,156.90854363905328,156.90607381656807,156.898,0.0,USDJPY,,0
77,78,1767355320,1767355320000,1767355380,1767355380000,0,1,0,0,4,25012026,78,0,,0.01,0.01,156.898,156.89954363905326,156.89707381656805,156.907,0.0,USDJPY,,0
78,79,1767355380,1767355380000,1767355500,1767355500000,0,1,0,0,4,25012026,79,0,,0.01,0.01,156.907,156.90854363905328,156.90607381656807,156.92,0.0,USDJPY,,0
79,80,1767355500,1767355500000,1767355560,1767355560000,0,1,0,0,4,25012026,80,0,,0.01,0.01,156.92,156.92154363905325,156.91907381656804,156.898,0.0,USDJPY,,0
80,81,1767355560,1767355560000,1767355620,1767355620000,0,1,0,0,4,25012026,81,0,,0.01,0.01,156.898,156.89954363905326,156.89707381656805,156.903,0.0,USDJPY,,0
81,82,1767355620,1767355620000,1767355680,1767355680000,0,1,0,0,4,25012026,82,0,,0.01,0.01,156.903,156.90454363905326,156.90207381656805,156.907,0.0,USDJPY,,0
82,83,1767355680,1767355680000,1767355740,1767355740000,0,1,0,0,4,25012026,83,0,,0.01,0.01,156.907,156.90854363905328,156.90607381656807,156.904,0.0,USDJPY,,0
83,84,1767355740,1767355740000,1767355800,1767355800000,0,1,0,0,4,25012026,84,0,,0.01,0.01,156.904,156.90554363905326,156.90307381656805,156.923,0.0,USDJPY,,0
84,85,1767355800,1767355800000,1767373320,1767373320000,0,1,0,0,4,25012026,85,0,,0.01,0.01,1.17176,1.1733036390532543,1.1708338165680472,1.17331,0.0,EURUSD,,0
85,86,1767355800,1767355800000,1767355860,1767355860000,0,1,0,0,4,25012026,86,0,,0.01,0.01,156.923,156.92454363905327,156.92207381656806,156.914,0.0,USDJPY,,0
86,87,1767355860,1767355860000,1767355920,1767355920000,0,1,0,0,4,25012026,87,0,,0.01,0.01,156.914,156.91554363905325,156.91307381656804,156.903,0.0,USDJPY,,0
87,88,1767355920,1767355920000,1767355980,1767355980000,0,1,0,0,4,25012026,88,0,,0.01,0.01,156.903,156.90454363905326,156.90207381656805,156.913,0.0,USDJPY,,0
88,89,1767355980,1767355980000,1767356040,1767356040000,0,1,0,0,4,25012026,89,0,,0.01,0.01,156.913,156.91454363905328,156.91207381656807,156.924,0.0,USDJPY,,0
89,90,1767356040,1767356040000,1767356100,1767356100000,0,1,0,0,4,25012026,90,0,,0.01,0.01,156.923,156.92454363905327,156.92207381656806,156.914,0.0,USDJPY,,0
90,91,1767356100,1767356100000,1767356160,1767356160000,0,1,0,0,4,25012026,91,0,,0.01,0.01,156.914,156.91554363905325,156.91307381656804,156.917,0.0,USDJPY,,0
91,92,1767356160,1767356160000,1767356220,1767356220000,0,1,0,0,4,25012026,92,0,,0.01,0.01,156.917,156.91854363905327,156.91607381656806,156.871,0.0,USDJPY,,0
92,93,1767356220,1767356220000,1767356280,1767356280000,0,1,0,0,4,25012026,93,0,,0.01,0.01,156.871,156.87254363905328,156.87007381656807,156.89000000000001,0.0,USDJPY,,0
93,94,1767356280,1767356280000,1767356340,1767356340000,0,1,0,0,4,25012026,94,0,,0.01,0.01,156.889,156.89054363905328,156.88807381656807,156.885,0.0,USDJPY,,0
94,95,1767356340,1767356340000,1767356400,1767356400000,0,1,0,0,4,25012026,95,0,,0.01,0.01,156.885,156.88654363905326,156.88407381656805,156.872,0.0,USDJPY,,0
95,96,1767356400,1767356400000,1767356520,1767356520000,0,1,0,0,4,25012026,96,0,,0.01,0.01,156.872,156.87354363905328,156.87107381656807,156.838,0.0,USDJPY,,0
96,97,1767356520,1767356520000,1767356640,1767356640000,0,1,0,0,4,25012026,97,0,,0.01,0.01,156.837,156.83854363905326,156.83607381656805,156.824,0.0,USDJPY,,0
97,98,1767356640,1767356640000,1767356700,1767356700000,0,1,0,0,4,25012026,98,0,,0.01,0.01,156.824,156.82554363905328,156.82307381656807,156.819,0.0,USDJPY,,0
98,99,1767356700,1767356700000,1767356760,1767356760000,0,1,0,0,4,25012026,99,0,,0.01,0.01,156.819,156.82054363905326,156.81807381656805,156.83100000000002,0.0,USDJPY,,0
99,100,1767356760,1767356760000,1767356820,1767356820000,0,1,0,0,4,25012026,100,0,,0.01,0.01,156.83,156.83154363905328,156.82907381656807,156.842,0.0,USDJPY,,0
100,101,1767356820,1767356820000,1767356880,1767356880000,0,1,0,0,4,25012026,101,0,,0.01,0.01,156.842,156.84354363905328,156.84107381656807,156.841,0.0,USDJPY,,0
101,102,1767356880,1767356880000,1767356940,1767356940000,0,1,0,0,4,25012026,102,0,,0.01,0.01,156.841,156.84254363905328,156.84007381656807,156.867,0.0,USDJPY,,0
102,103,1767356940,1767356940000,1767360240,1767360240000,0,1,0,0,4,25012026,103,0,,0.01,0.01,1.34457,1.3461136390532544,1.3436438165680473,1.3435700000000002,0.0,GBPUSD,,0
103,104,1767356940,1767356940000,1767357000,1767357000000,0,1,0,0,4,25012026,104,0,,0.01,0.01,156.867,156.86854363905326,156.86607381656805,156.842,0.0,USDJPY,,0
104,105,1767357000,1767357000000,1767367380,1767367380000,0,0,0,0,4,25012026,105,0,,0.01,0.01,1.17155,1.1695889053254438,1.1727266568047339,1.17288,0.0,EURUSD,,0
105,106,1767360600,1767360600000,1767367080,1767367080000,0,0,0,0,4,25012026,106,0,,0.01,0.01,1.34356,1.3410642899408283,1.345057426035503,1.34516,0.0,GBPUSD,,0
106,107,1767364200,1767364200000,1767387120,1767387120000,0,1,0,0,4,25012026,107,0,,0.01,0.01,1.37293,1.3747002662721894,1.3718678402366864,1.37477,0.0,USDCAD,,0
107,108,1767371400,1767371400000,1767376440,1767376440000,0,0,0,0,4,25012026,108,0,,0.01,0.01,0.79243,0.7906510059171598,0.7934973964497041,0.7905,0.0,USDCHF,,0
108,109,1767371460,1767371460000,1767374280,1767374280000,0,0,0,0,4,25012026,109,0,,0.01,0.01,1.17259,1.17081100591716,1.1736573964497041,1.17366,0.0,EURUSD,,0
109,110,1767371460,1767371460000,1767373500,1767373500000,0,0,0,0,4,25012026,110,0,,0.01,0.01,1.34593,1.34415100591716,1.3469973964497042,1.34701,0.0,GBPUSD,,0
110,111,1767371460,1767371460000,1767590700,1767590700000,0,0,0,0,4,25012026,111,0,,0.01,0.01,0.6691199999999999,0.6673410059171597,0.670187396449704,0.6673,0.0,AUDUSD,,0
111,112,1767371460,1767371460000,1767371520,1767371520000,0,0,0,0,4,25012026,112,0,,0.01,0.01,156.872,156.8702210059172,156.87306739644973,156.869,0.0,USDJPY,,0
112,113,1767371460,1767371460000,1767585720,1767585720000,0,0,0,0,4,25012026,113,0,,0.01,0.01,1.3738599999999999,1.3720810059171598,1.374927396449704,1.37493,0.0,USDCAD,,0
113,114,1767371520,1767371520000,1767371580,1767371580000,0,0,0,0,4,25012026,114,0,,0.01,0.01,156.871,156.86922100591718,156.87206739644972,156.882,0.0,USDJPY,,0
114,115,1767371580,1767371580000,1767371640,1767371640000,0,0,0,0,4,25012026,115,0,,0.01,0.01,156.883,156.88122100591718,156.88406739644972,156.869,0.0,USDJPY,,0
115,116,1767371640,1767371640000,1767371700,1767371700000,0,0,0,0,4,25012026,116,0,,0.01,0.01,156.869,156.86722100591717,156.8700673964497,156.836,0.0,USDJPY,,0
116,117,1767371700,1767371700000,1767371760,1767371760000,0,0,0,0,4,25012026,117,0,,0.01,0.01,156.83700000000002,156.8352210059172,156.83806739644973,156.826,0.0,USDJPY,,0
117,118,1767371760,1767371760000,1767371820,1767371820000,0,0,0,0,4,25012026,118,0,,0.01,0.01,156.828,156.82622100591718,156.82906739644972,156.836,0.0,USDJPY,,0
118,119,1767371820,1767371820000,1767371880,1767371880000,0,0,0,0,4,25012026,119,0,,0.01,0.01,156.83800000000002,156.8362210059172,156.83906739644974,156.833,0.0,USDJPY,,0
119,120,1767371880,1767371880000,1767371940,1767371940000,0,0,0,0,4,25012026,120,0,,0.01,0.01,156.834,156.83222100591718,156.83506739644972,156.87,0.0,USDJPY,,0
120,121,1767371940,1767371940000,1767372000,1767372000000,0,0,0,0,4,25012026,121,0,,0.01,0.01,156.872,156.8702210059172,156.87306739644973,156.87,0.0,USDJPY,,0
121,122,1767372000,1767372000000,1767372060,1767372060000,0,0,0,0,4,25012026,122,0,,0.01,0.01,156.872,156.8702210059172,156.87306739644973,156.86,0.0,USDJPY,,0
122,123,1767372060,1767372060000,1767372120,1767372120000,0,0,0,0,4,25012026,123,0,,0.01,0.01,156.86200000000002,156.8602210059172,156.86306739644974,156.857,0.0,USDJPY,,0
123,124,1767372120,1767372120000,1767372180,1767372180000,0,0,0,0,4,25012026,124,0,,0.01,0.01,156.858,156.85622100591718,156.85906739644972,156.843,0.0,USDJPY,,0
124,125,1767372180,1767372180000,1767372240,1767372240000,0,0,0,0,4,25012026,125,0,,0.01,0.01,156.843,156.84122100591716,156.8440673964497,156.859,0.0,USDJPY,,0
125,126,1767372240,1767372240000,1767372360,1767372360000,0,0,0,0,4,25012026,126,0,,0.01,0.01,156.859,156.85722100591718,156.86006739644972,156.839,0.0,USDJPY,,0
126,127,1767372360,1767372360000,1767372420,1767372420000,0,0,0,0,4,25012026,127,0,,0.01,0.01,156.839,156.83722100591717,156.8400673964497,156.845,0.0,USDJPY,,0
127,128,1767372420,1767372420000,1767372480,1767372480000,0,0,0,0,4,25012026,128,0,,0.01,0.01,156.845,156.84322100591717,156.8460673964497,156.834,0.0,USDJPY,,0
128,129,1767372480,1767372480000,1767372540,1767372540000,0,0,0,0,4,25012026,129,0,,0.01,0.01,156.834,156.83222100591718,156.83506739644972,156.814,0.0,USDJPY,,0
129,130,1767372540,1767372540000,1767372600,1767372600000,0,0,0,0,4,25012026,130,0,,0.01,0.01,156.814,156.81222100591717,156.8150673964497,156.846,0.0,USDJPY,,0
130,131,1767372600,1767372600000,1767372720,1767372720000,0,0,0,0,4,25012026,131,0,,0.01,0.01,156.846,156.84422100591718,156.84706739644972,156.861,0.0,USDJPY,,0
131,132,1767372720,1767372720000,1767372780,1767372780000,0,0,0,0,4,25012026,132,0,,0.01,0.01,156.862,156.86022100591717,156.8630673964497,156.865,0.0,USDJPY,,0
132,133,1767372780,1767372780000,1767372960,1767372960000,0,0,0,0,4,25012026,133,0,,0.01,0.01,156.865,156.86322100591718,156.86606739644972,156.88,0.0,USDJPY,,0
133,134,1767372960,1767372960000,1767373020,1767373020000,0,0,0,0,4,25012026,134,0,,0.01,0.01,156.88,156.87822100591717,156.8810673964497,156.862,0.0,USDJPY,,0
134,135,1767373020,1767373020000,1767373080,1767373080000,0,0,0,0,4,25012026,135,0,,0.01,0.01,156.862,156.86022100591717,156.8630673964497,156.871,0.0,USDJPY,,0
135,136,1767373080,1767373080000,1767373140,1767373140000,0,0,0,0,4,25012026,136,0,,0.01,0.01,156.871,156.86922100591718,156.87206739644972,156.853,0.0,USDJPY,,0
136,137,1767373140,1767373140000,1767373200,1767373200000,0,0,0,0,4,25012026,137,0,,0.01,0.01,156.853,156.85122100591718,156.85406739644972,156.865,0.0,USDJPY,,0
137,138,1767373200,1767373200000,1767376500,1767376500000,0,1,0,0,4,25012026,138,0,,0.01,0.01,1.34671,1.3497505325443788,1.3448856804733729,1.3499700000000001,0.0,GBPUSD,,0
138,139,1767373200,1767373200000,1767376680,1767376680000,0,0,0,0,4,25012026,139,0,,0.01,0.01,156.865,156.58563609467456,157.03261834319528,156.58,0.0,USDJPY,,0
139,140,1767373500,1767373500000,1767375300,1767375300000,0,0,0,0,4,25012026,140,0,,0.01,0.01,1.34702,1.345289674556213,1.3480581952662722,1.3483399999999999,0.0,GBPUSD,,0
140,141,1767374280,1767374280000,1767376500,1767376500000,0,0,0,0,4,25012026,141,0,,0.01,0.01,1.17366,1.1719296745562129,1.174698195266272,1.17509,0.0,EURUSD,,0
141,142,1767375000,1767375000000,1767385860,1767385860000,0,1,0,0,4,25012026,142,0,,0.01,0.01,1.17356,1.1758210946745562,1.1722033431952663,1.17218,0.0,EURUSD,,0
142,143,1767375300,1767375300000,1767376440,1767376440000,0,0,0,0,4,25012026,143,0,,0.01,0.01,1.34835,1.3464634615384614,1.349481923076923,1.34957,0.0,GBPUSD,,0
143,144,1767376440,1767376440000,1767379800,1767379800000,0,0,0,0,4,25012026,144,0,,0.01,0.01,1.34958,1.3476934615384615,1.3507119230769231,1.34755,0.0,GBPUSD,,0
144,145,1767376440,1767376440000,1767379500,1767379500000,0,0,0,0,4,25012026,145,0,,0.01,0.01,0.79052,0.7886334615384616,0.7916519230769231,0.79168,0.0,USDCHF,,0
145,146,1767376500,1767376500000,1767381840,1767381840000,0,0,0,0,4,25012026,146,0,,0.01,0.01,1.17509,1.1732034615384614,1.176221923076923,1.17316,0.0,EURUSD,,0
146,147,1767376680,1767376680000,1767376740,1767376740000,0,0,0,0,4,25012026,147,0,,0.01,0.01,156.58100000000002,156.57911346153847,156.58213192307693,156.59,0.0,USDJPY,,0
147,148,1767376740,1767376740000,1767376800,1767376800000,0,0,0,0,4,25012026,148,0,,0.01,0.01,156.591,156.58911346153846,156.59213192307692,156.581,0.0,USDJPY,,0
148,149,1767376800,1767376800000,1767379680,1767379680000,0,1,0,0,4,25012026,149,0,,0.01,0.01,1.34977,1.3530748816568048,1.347787071005917,1.3477800000000002,0.0,GBPUSD,,0
149,150,1767376800,1767376800000,1767379860,1767379860000,0,0,0,0,4,25012026,150,0,,0.01,0.01,156.582,156.2975621301775,156.7526627218935,156.764,0.0,USDJPY,,0
150,151,1767571200,1767571200000,1767574860,1767574860000,0,0,0,0,4,25012026,151,0,,0.01,0.01,1.1730600000000002,1.1709539349112428,1.1743236390532545,1.17055,0.0,EURUSD,,0
151,152,1767571200,1767571200000,1767586920,1767586920000,0,0,0,0,4,25012026,152,0,,0.01,0.01,1.34626,1.3433977218934912,1.3479773668639055,1.34326,0.0,GBPUSD,,0
152,153,1767576600,1767576600000,1767587820,1767587820000,0,0,0,0,4,25012026,153,0,,0.01,0.01,1.17064,1.1687644082840236,1.1717653550295857,1.16869,0.0,EURUSD,,0
153,154,1767578400,1767578400000,1767581580,1767581580000,0,1,0,0,4,25012026,154,0,,0.01,0.01,156.962,157.23134911242602,156.80039053254436,157.24,0.0,USDJPY,,0
154,155,1767582000,1767582000000,1767584700,1767584700000,0,1,0,0,4,25012026,155,0,,0.01,0.01,157.159,157.44284615384615,156.9886923076923,156.975,0.0,USDJPY,,0
155,156,1767585600,1767585600000,1767590820,1767590820000,0,1,0,0,4,25012026,156,0,,0.01,0.01,1.37473,1.376423047337278,1.373714171597633,1.3766,0.0,USDCAD,,0
156,157,1767587400,1767587400000,1767614880,1767614880000,0,0,0,0,4,25012026,157,0,,0.01,0.01,1.3431700000000002,1.340616153846154,1.344702307692308,1.34473,0.0,GBPUSD,,0
157,158,1767589200,1767589200000,1767625260,1767625260000,0,0,0,0,4,25012026,158,0,,0.01,0.01,1.16904,1.1669479881656808,1.1702952071005917,1.16693,0.0,EURUSD,,0
158,159,1767589200,1767589200000,1767611340,1767611340000,0,1,0,0,4,25012026,159,0,,0.01,0.01,0.79332,0.7956183727810651,0.791940976331361,0.79564,0.0,USDCHF,,0
159,160,1767589260,1767589260000,1767590640,1767590640000,0,1,0,0,4,25012026,160,0,,0.01,0.01,1.16893,1.171228372781065,1.167550976331361,1.1674,0.0,EURUSD,,0
160,161,1767589260,1767589260000,1767590640,1767590640000,0,1,0,0,4,25012026,161,0,,0.01,0.01,1.34324,1.345538372781065,1.341860976331361,1.34183,0.0,GBPUSD,,0
161,162,1767589260,1767589260000,1767592920,1767592920000,0,1,0,0,4,25012026,162,0,,0.01,0.01,0.66832,0.6706183727810651,0.666940976331361,0.66694,0.0,AUDUSD,,0
162,163,1767589260,1767589260000,1767589320,1767589320000,0,1,0,0,4,25012026,163,0,,0.01,0.01,157.138,157.14029837278107,157.13662097633136,157.156,0.0,USDJPY,,0
163,164,1767589320,1767589320000,1767589440,1767589440000,0,1,0,0,4,25012026,164,0,,0.01,0.01,157.155,157.15729837278107,157.15362097633135,157.148,0.0,USDJPY,,0
164,165,1767589440,1767589440000,1767589500,1767589500000,0,1,0,0,4,25012026,165,0,,0.01,0.01,157.147,157.14929837278106,157.14562097633134,157.169,0.0,USDJPY,,0
165,166,1767589500,1767589500000,1767589560,1767589560000,0,1,0,0,4,25012026,166,0,,0.01,0.01,157.168,157.17029837278108,157.16662097633136,157.18200000000002,0.0,USDJPY,,0
166,167,1767589560,1767589560000,1767589620,1767589620000,0,1,0,0,4,25012026,167,0,,0.01,0.01,157.181,157.18329837278108,157.17962097633136,157.189,0.0,USDJPY,,0
167,168,1767589620,1767589620000,1767589740,1767589740000,0,1,0,0,4,25012026,168,0,,0.01,0.01,157.189,157.19129837278106,157.18762097633135,157.18,0.0,USDJPY,,0
168,169,1767589740,1767589740000,1767589980,1767589980000,0,1,0,0,4,25012026,169,0,,0.01,0.01,157.18,157.18229837278108,157.17862097633136,157.153,0.0,USDJPY,,0
169,170,1767589980,1767589980000,1767590040,1767590040000,0,1,0,0,4,25012026,170,0,,0.01,0.01,157.153,157.15529837278106,157.15162097633134,157.156,0.0,USDJPY,,0
170,171,1767590040,1767590040000,1767590220,1767590220000,0,1,0,0,4,25012026,171,0,,0.01,0.01,157.156,157.15829837278108,157.15462097633136,157.141,0.0,USDJPY,,0
171,172,1767590220,1767590220000,1767590280,1767590280000,0,1,0,0,4,25012026,172,0,,0.01,0.01,157.141,157.14329837278106,157.13962097633134,157.13,0.0,USDJPY,,0
172,173,1767590280,1767590280000,1767590400,1767590400000,0,1,0,0,4,25012026,173,0,,0.01,0.01,157.129,157.13129837278106,157.12762097633134,157.132,0.0,USDJPY,,0
173,174,1767590400,1767590400000,1767590460,1767590460000,0,1,0,0,4,25012026,174,0,,0.01,0.01,157.132,157.13429837278107,157.13062097633136,157.161,0.0,USDJPY,,0
174,175,1767590460,1767590460000,1767590520,1767590520000,0,1,0,0,4,25012026,175,0,,0.01,0.01,157.161,157.16329837278107,157.15962097633135,157.17,0.0,USDJPY,,0
175,176,1767590520,1767590520000,1767590580,1767590580000,0,1,0,0,4,25012026,176,0,,0.01,0.01,157.17,157.17229837278106,157.16862097633134,157.181,0.0,USDJPY,,0
176,177,1767590580,1767590580000,1767590640,1767590640000,0,1,0,0,4,25012026,177,0,,0.01,0.01,157.181,157.18329837278108,157.17962097633136,157.202,0.0,USDJPY,,0
177,178,1767590640,1767590640000,1767627540,1767627540000,0,1,0,0,4,25012026,178,0,,0.01,0.01,1.1674,1.169698372781065,1.166020976331361,1.16595,0.0,EURUSD,,0
178,179,1767590640,1767590640000,1767614220,1767614220000,0,1,0,0,4,25012026,179,0,,0.01,0.01,1.34182,1.344118372781065,1.340440976331361,1.34416,0.0,GBPUSD,,0
179,180,1767590640,1767590640000,1767590700,1767590700000,0,1,0,0,4,25012026,180,0,,0.01,0.01,157.202,157.20429837278107,157.20062097633135,157.197,0.0,USDJPY,,0
180,181,1767590700,1767590700000,1767590760,1767590760000,0,1,0,0,4,25012026,181,0,,0.01,0.01,157.197,157.19929837278107,157.19562097633136,157.206,0.0,USDJPY,,0
181,182,1767590760,1767590760000,1767590820,1767590820000,0,1,0,0,4,25012026,182,0,,0.01,0.01,157.206,157.20829837278106,157.20462097633134,157.211,0.0,USDJPY,,0
182,183,1767590820,1767590820000,1767590880,1767590880000,0,1,0,0,4,25012026,183,0,,0.01,0.01,157.211,157.21329837278108,157.20962097633137,157.217,0.0,USDJPY,,0
183,184,1767590820,1767590820000,1767625620,1767625620000,0,1,0,0,4,25012026,184,0,,0.01,0.01,1.37659,1.378888372781065,1.375210976331361,1.37897,0.0,USDCAD,,0
184,185,1767590880,1767590880000,1767590940,1767590940000,0,1,0,0,4,25012026,185,0,,0.01,0.01,157.217,157.21929837278108,157.21562097633137,157.211,0.0,USDJPY,,0
185,186,1767590940,1767590940000,1767591000,1767591000000,0,1,0,0,4,25012026,186,0,,0.01,0.01,157.211,157.21329837278108,157.20962097633137,157.223,0.0,USDJPY,,0
186,187,1767591000,1767591000000,1767619380,1767619380000,0,0,0,0,4,25012026,187,0,,0.01,0.01,0.66732,0.6649282840236687,0.6687550295857988,0.6688,0.0,AUDUSD,,0
187,188,1767591000,1767591000000,1767603600,1767603600000,0,1,0,0,4,25012026,188,0,,0.01,0.01,157.223,157.56418343195267,157.01828994082842,157.013,0.0,USDJPY,,0
188,189,1767592920,1767592920000,1767632400,1767632400000,0,1,0,0,4,25012026,189,0,,0.01,0.01,0.66694,0.6692379289940829,0.6655612426035503,0.66925,0.0,AUDUSD,,0
189,190,1767607200,1767607200000,1767617100,1767617100000,0,0,0,0,4,25012026,190,0,,0.01,0.01,156.99800000000002,156.68223076923078,157.18746153846155,156.673,0.0,USDJPY,,0
190,191,1767610860,1767610860000,1767610920,1767610920000,0,1,0,0,4,25012026,191,0,,0.01,0.01,156.791,156.792775,156.78993499999999,156.811,0.0,USDJPY,,0
191,192,1767610920,1767610920000,1767610980,1767610980000,0,1,0,0,4,25012026,192,0,,0.01,0.01,156.81,156.811775,156.808935,156.805,0.0,USDJPY,,0
192,193,1767610980,1767610980000,1767611040,1767611040000,0,1,0,0,4,25012026,193,0,,0.01,0.01,156.805,156.80677500000002,156.803935,156.833,0.0,USDJPY,,0
193,194,1767611040,1767611040000,1767611100,1767611100000,0,1,0,0,4,25012026,194,0,,0.01,0.01,156.833,156.834775,156.831935,156.822,0.0,USDJPY,,0
194,195,1767611100,1767611100000,1767611160,1767611160000,0,1,0,0,4,25012026,195,0,,0.01,0.01,156.822,156.823775,156.820935,156.855,0.0,USDJPY,,0
195,196,1767611160,1767611160000,1767611220,1767611220000,0,1,0,0,4,25012026,196,0,,0.01,0.01,156.855,156.856775,156.85393499999998,156.83100000000002,0.0,USDJPY,,0
196,197,1767611220,1767611220000,1767611400,1767611400000,0,1,0,0,4,25012026,197,0,,0.01,0.01,156.83,156.83177500000002,156.828935,156.804,0.0,USDJPY,,0
197,198,1767611340,1767611340000,1767617940,1767617940000,0,1,0,0,4,25012026,198,0,,0.01,0.01,0.79562,0.797395,0.794555,0.79454,0.0,USDCHF,,0
198,199,1767611400,1767611400000,1767611460,1767611460000,0,1,0,0,4,25012026,199,0,,0.01,0.01,156.804,156.805775,156.802935,156.822,0.0,USDJPY,,0
199,200,1767611460,1767611460000,1767611520,1767611520000,0,1,0,0,4,25012026,200,0,,0.01,0.01,156.821,156.822775,156.819935,156.845,0.0,USDJPY,,0
200,201,1767611520,1767611520000,1767611580,1767611580000,0,1,0,0,4,25012026,201,0,,0.01,0.01,156.845,156.846775,156.843935,156.865,0.0,USDJPY,,0
201,202,1767611580,1767611580000,1767611640,1767611640000,0,1,0,0,4,25012026,202,0,,0.01,0.01,156.865,156.86677500000002,156.863935,156.848,0.0,USDJPY,,0
202,203,1767611640,1767611640000,1767611700,1767611700000,0,1,0,0,4,25012026,203,0,,0.01,0.01,156.848,156.84977500000002,156.846935,156.855,0.0,USDJPY,,0
203,204,1767611700,1767611700000,1767611760,1767611760000,0,1,0,0,4,25012026,204,0,,0.01,0.01,156.855,156.856775,156.85393499999998,156.853,0.0,USDJPY,,0
204,205,1767611760,1767611760000,1767611820,1767611820000,0,1,0,0,4,25012026,205,0,,0.01,0.01,156.853,156.85477500000002,156.851935,156.844,0.0,USDJPY,,0
205,206,1767611820,1767611820000,1767612000,1767612000000,0,1,0,0,4,25012026,206,0,,0.01,0.01,156.844,156.845775,156.84293499999998,156.828,0.0,USDJPY,,0
206,207,1767612000,1767612000000,1767612060,1767612060000,0,1,0,0,4,25012026,207,0,,0.01,0.01,156.828,156.829775,156.826935,156.805,0.0,USDJPY,,0
207,208,1767612060,1767612060000,1767612120,1767612120000,0,1,0,0,4,25012026,208,0,,0.01,0.01,156.805,156.80677500000002,156.803935,156.831,0.0,USDJPY,,0
208,209,1767612120,1767612120000,1767612180,1767612180000,0,1,0,0,4,25012026,209,0,,0.01,0.01,156.831,156.832775,156.82993499999998,156.807,0.0,USDJPY,,0
209,210,1767612180,1767612180000,1767612240,1767612240000,0,1,0,0,4,25012026,210,0,,0.01,0.01,156.807,156.808775,156.80593499999998,156.801,0.0,USDJPY,,0
210,211,1767612240,1767612240000,1767612300,1767612300000,0,1,0,0,4,25012026,211,0,,0.01,0.01,156.801,156.802775,156.79993499999998,156.796,0.0,USDJPY,,0
211,212,1767612300,1767612300000,1767612360,1767612360000,0,1,0,0,4,25012026,212,0,,0.01,0.01,156.795,156.796775,156.79393499999998,156.818,0.0,USDJPY,,0
212,213,1767612360,1767612360000,1767612420,1767612420000,0,1,0,0,4,25012026,213,0,,0.01,0.01,156.818,156.81977500000002,156.816935,156.814,0.0,USDJPY,,0
213,214,1767612420,1767612420000,1767612480,1767612480000,0,1,0,0,4,25012026,214,0,,0.01,0.01,156.814,156.815775,156.81293499999998,156.81,0.0,USDJPY,,0
214,215,1767612480,1767612480000,1767612540,1767612540000,0,1,0,0,4,25012026,215,0,,0.01,0.01,156.81,156.811775,156.808935,156.833,0.0,USDJPY,,0
215,216,1767612540,1767612540000,1767612600,1767612600000,0,1,0,0,4,25012026,216,0,,0.01,0.01,156.833,156.834775,156.831935,156.838,0.0,USDJPY,,0
216,217,1767612660,1767612660000,1767612720,1767612720000,0,1,0,0,4,25012026,217,0,,0.01,0.01,156.838,156.83987603550295,156.8368743786982,156.851,0.0,USDJPY,,0
217,218,1767612720,1767612720000,1767612780,1767612780000,0,1,0,0,4,25012026,218,0,,0.01,0.01,156.851,156.85287603550296,156.84987437869822,156.849,0.0,USDJPY,,0
218,219,1767612780,1767612780000,1767612840,1767612840000,0,1,0,0,4,25012026,219,0,,0.01,0.01,156.849,156.85087603550295,156.8478743786982,156.856,0.0,USDJPY,,0
219,220,1767612840,1767612840000,1767612900,1767612900000,0,1,0,0,4,25012026,220,0,,0.01,0.01,156.855,156.85687603550295,156.8538743786982,156.889,0.0,USDJPY,,0
220,221,1767612900,1767612900000,1767612960,1767612960000,0,1,0,0,4,25012026,221,0,,0.01,0.01,156.888,156.88987603550297,156.88687437869822,156.893,0.0,USDJPY,,0
221,222,1767612960,1767612960000,1767613020,1767613020000,0,1,0,0,4,25012026,222,0,,0.01,0.01,156.892,156.89387603550296,156.89087437869821,156.866,0.0,USDJPY,,0
222,223,1767613020,1767613020000,1767613080,1767613080000,0,1,0,0,4,25012026,223,0,,0.01,0.01,156.866,156.86787603550297,156.86487437869823,156.876,0.0,USDJPY,,0
223,224,1767613080,1767613080000,1767613140,1767613140000,0,1,0,0,4,25012026,224,0,,0.01,0.01,156.876,156.87787603550296,156.87487437869822,156.893,0.0,USDJPY,,0
224,225,1767613140,1767613140000,1767613200,1767613200000,0,1,0,0,4,25012026,225,0,,0.01,0.01,156.893,156.89487603550296,156.89187437869822,156.902,0.0,USDJPY,,0
225,226,1767613200,1767613200000,1767613260,1767613260000,0,1,0,0,4,25012026,226,0,,0.01,0.01,156.902,156.90387603550295,156.9008743786982,156.914,0.0,USDJPY,,0
226,227,1767613260,1767613260000,1767613320,1767613320000,0,1,0,0,4,25012026,227,0,,0.01,0.01,156.914,156.91587603550295,156.9128743786982,156.939,0.0,USDJPY,,0
227,228,1767613320,1767613320000,1767613380,1767613380000,0,1,0,0,4,25012026,228,0,,0.01,0.01,156.939,156.94087603550295,156.9378743786982,156.951,0.0,USDJPY,,0
228,229,1767613380,1767613380000,1767613500,1767613500000,0,1,0,0,4,25012026,229,0,,0.01,0.01,156.951,156.95287603550295,156.9498743786982,156.963,0.0,USDJPY,,0
229,230,1767613500,1767613500000,1767613560,1767613560000,0,1,0,0,4,25012026,230,0,,0.01,0.01,156.963,156.96487603550295,156.9618743786982,156.998,0.0,USDJPY,,0
230,231,1767613560,1767613560000,1767613620,1767613620000,0,1,0,0,4,25012026,231,0,,0.01,0.01,156.998,156.99987603550295,156.9968743786982,156.985,0.0,USDJPY,,0
231,232,1767613620,1767613620000,1767613680,1767613680000,0,1,0,0,4,25012026,232,0,,0.01,0.01,156.985,156.98687603550297,156.98387437869823,156.965,0.0,USDJPY,,0
232,233,1767613680,1767613680000,1767613740,1767613740000,0,1,0,0,4,25012026,233,0,,0.01,0.01,156.965,156.96687603550296,156.96387437869822,156.981,0.0,USDJPY,,0
233,234,1767613740,1767613740000,1767613800,1767613800000,0,1,0,0,4,25012026,234,0,,0.01,0.01,156.981,156.98287603550295,156.9798743786982,156.967,0.0,USDJPY,,0
234,235,1767613800,1767613800000,1767613860,1767613860000,0,1,0,0,4,25012026,235,0,,0.01,0.01,156.967,156.96887603550297,156.96587437869823,156.987,0.0,USDJPY,,0
235,236,1767613860,1767613860000,1767613920,1767613920000,0,1,0,0,4,25012026,236,0,,0.01,0.01,156.987,156.98887603550295,156.9858743786982,156.961,0.0,USDJPY,,0
236,237,1767613920,1767613920000,1767613980,1767613980000,0,1,0,0,4,25012026,237,0,,0.01,0.01,156.961,156.96287603550297,156.95987437869823,156.951,0.0,USDJPY,,0
237,238,1767613980,1767613980000,1767614040,1767614040000,0,1,0,0,4,25012026,238,0,,0.01,0.01,156.951,156.95287603550295,156.9498743786982,156.946,0.0,USDJPY,,0
238,239,1767614040,1767614040000,1767614100,1767614100000,0,1,0,0,4,25012026,239,0,,0.01,0.01,156.946,156.94787603550296,156.94487437869822,156.961,0.0,USDJPY,,0
239,240,1767614100,1767614100000,1767614160,1767614160000,0,1,0,0,4,25012026,240,0,,0.01,0.01,156.961,156.96287603550297,156.95987437869823,156.946,0.0,USDJPY,,0
240,241,1767614160,1767614160000,1767614280,1767614280000,0,1,0,0,4,25012026,241,0,,0.01,0.01,156.946,156.94787603550296,156.94487437869822,156.925,0.0,USDJPY,,0
241,242,1767614220,1767614220000,1767617280,1767617280000,0,1,0,0,4,25012026,242,0,,0.01,0.01,1.34415,1.3460260355029585,1.3430243786982248,1.34619,0.0,GBPUSD,,0
242,243,1767614280,1767614280000,1767614400,1767614400000,0,1,0,0,4,25012026,243,0,,0.01,0.01,156.925,156.92687603550297,156.92387437869823,156.927,0.0,USDJPY,,0
243,244,1767618000,1767618000000,1767625980,1767625980000,0,1,0,0,4,25012026,244,0,,0.01,0.01,1.34622,1.3493053550295857,1.3443687869822485,1.34423,0.0,GBPUSD,,0
244,245,1767618000,1767618000000,1767625620,1767625620000,0,0,0,0,4,25012026,245,0,,0.01,0.01,156.589,156.23960650887574,156.79863609467455,156.81,0.0,USDJPY,,0
245,246,1767625200,1767625200000,1767630600,1767630600000,0,0,0,0,4,25012026,246,0,,0.01,0.01,0.6678,0.666026775147929,0.6688639349112425,0.6689,0.0,AUDUSD,,0
246,247,1767632400,1767632400000,1767638100,1767638100000,0,1,0,0,4,25012026,247,0,,0.01,0.01,1.34745,1.3518639053254438,1.3448016568047338,1.35188,0.0,GBPUSD,,0
247,248,1767632400,1767632400000,1767637440,1767637440000,0,1,0,0,4,25012026,248,0,,0.01,0.01,0.66925,0.6714224852071006,0.6679465088757397,0.67146,0.0,AUDUSD,,0
248,249,1767634200,1767634200000,1767645420,1767645420000,0,1,0,0,4,25012026,249,0,,0.01,0.01,1.16949,1.1721923668639052,1.1678685798816568,1.17225,0.0,EURUSD,,0
249,250,1767636000,1767636000000,1767646800,1767646800000,0,0,0,0,4,25012026,250,0,,0.01,0.01,156.563,156.137674556213,156.81819526627217,156.132,0.0,USDJPY,,0
250,251,1767636000,1767636000000,1767646860,1767646860000,0,0,0,0,4,25012026,251,0,,0.01,0.01,0.79337,0.7906418934911242,0.7950068639053255,0.79149,0.0,USDCHF,,0
251,252,1767636060,1767636060000,1767645360,1767645360000,0,0,0,0,4,25012026,252,0,,0.01,0.01,1.17052,1.1677918934911242,1.1721568639053255,1.17218,0.0,EURUSD,,0
252,253,1767636060,1767636060000,1767639000,1767639000000,0,0,0,0,4,25012026,253,0,,0.01,0.01,1.35059,1.3478618934911242,1.3522268639053254,1.35229,0.0,GBPUSD,,0
253,254,1767636060,1767636060000,1767646860,1767646860000,0,0,0,0,4,25012026,254,0,,0.01,0.01,0.67093,0.6682018934911242,0.6725668639053255,0.67145,0.0,AUDUSD,,0
254,255,1767636060,1767636060000,1767642660,1767642660000,0,0,0,0,4,25012026,255,0,,0.01,0.01,1.37481,1.3720818934911243,1.3764468639053256,1.37645,0.0,USDCAD,,0
255,256,1767637800,1767637800000,1767646860,1767646860000,0,1,0,0,4,25012026,256,0,,0.01,0.01,0.67138,0.6735891715976331,0.6700544970414201,0.67145,0.0,AUDUSD,,0
256,257,1767639000,1767639000000,1767644340,1767644340000,0,0,0,0,4,25012026,257,0,,0.01,0.01,1.3523,1.3496821005917161,1.3538707396449705,1.35388,0.0,GBPUSD,,0
257,258,1767639600,1767639600000,1767646860,1767646860000,0,1,0,0,4,25012026,258,0,,0.01,0.01,1.35257,1.356903875739645,1.349969674556213,1.3540800000000002,0.0,GBPUSD,,0
258,259,1767642660,1767642660000,1767646860,1767646860000,0,0,0,0,4,25012026,259,0,,0.01,0.01,1.37646,1.3740835207100592,1.3778858875739646,1.37594,0.0,USDCAD,,0
259,260,1767644340,1767644340000,1767646860,1767646860000,0,0,0,0,4,25012026,260,0,,0.01,0.01,1.35389,1.3515766863905325,1.3552779881656805,1.35407,0.0,GBPUSD,,0
260,261,1767645360,1767645360000,1767646860,1767646860000,0,0,0,0,4,25012026,261,0,,0.01,0.01,1.17218,1.169828372781065,1.173590976331361,1.17265,0.0,EURUSD,,0
